video_id,author,text,published_at,likes
Plp2kiyzZR4,@user-wg6hs2hn4x,Thanks for 8 subscribers ğŸ‰ğŸ‰ğŸ‰ğŸ‰ğŸ‰,2025-04-24T18:05:30Z,0
Plp2kiyzZR4,@hnyalahrach,ÙˆØ±Ù†,2025-04-24T17:16:00Z,0
Plp2kiyzZR4,@GualoRomero,ğŸ¤¢ğŸ’©ğŸ’©ğŸ’©ğŸ’©ğŸ’©ğŸ’© ya estÃ¡ bastante grandecitos para que sigan subiendo esas cosas no eres una,2025-04-24T17:09:05Z,0
Plp2kiyzZR4,@Jkgg-x1g,Offff,2025-04-24T17:04:27Z,0
Plp2kiyzZR4,@MasutRana-c1p,â¤â¤â¤â¤â¤ğŸ˜‚ğŸ˜‚ğŸ˜‚ğŸ˜‚,2025-04-24T16:54:07Z,0
Plp2kiyzZR4,@FreyaAuroraa,Couple goals ğŸ‰ğŸ‰ğŸ‰ full support â¤â¤â¤This is the definition of amazing! ğŸ˜ğŸ™Œ,2025-04-24T16:39:39Z,8
Plp2kiyzZR4,@MariaFlirez,Dios mÃ­oğŸ¤£ğŸ¤£ğŸ¤£ğŸ¤£ğŸ¤£ğŸ¤£ğŸ¤£,2025-04-24T16:25:49Z,0
Plp2kiyzZR4,@Ø±Ø¬Ø§Ø§Ø§Ø¡Ø±Ø¬Ø§Ø§Ø§Ø¡,â¤â¤â¤,2025-04-24T16:20:29Z,0
Plp2kiyzZR4,@Forweus,ğŸ˜‚,2025-04-24T15:46:58Z,0
Plp2kiyzZR4,@SantiagoCaicedoarse,Wow lÃ­der,2025-04-24T14:51:05Z,0
Plp2kiyzZR4,@Raje-k4s,â¤ğŸ˜­ğŸ˜­ğŸ¥ºğŸ¥€ğŸ’ğŸ«‚ğŸ‘©â€â¤ï¸â€ğŸ‘¨ğŸ§ŸğŸ§ŒğŸ§ŒğŸ‚ğŸš£ğŸƒ,2025-04-24T14:41:57Z,0
Plp2kiyzZR4,@Sthefanny-m6b,Sorry ğŸ˜£,2025-04-24T14:31:51Z,2
Plp2kiyzZR4,@AyllaTimbo,Muito bom,2025-04-24T14:29:28Z,2
Plp2kiyzZR4,@HackerBhattari,@HackerBhattari,2025-04-24T14:25:14Z,0
Plp2kiyzZR4,@jokevaneykelenburg361,Stinkie stinkie haar,2025-04-24T14:23:38Z,0
Plp2kiyzZR4,@tokapelmen,â¤,2025-04-24T14:10:16Z,0
Plp2kiyzZR4,@HungDam-l5m,I love you,2025-04-24T13:58:40Z,1
Plp2kiyzZR4,@sihamouazani5750,Yo cumplo en mayo,2025-04-24T13:51:36Z,0
Plp2kiyzZR4,@EllaBeulakker,â™¥ï¸ğŸ’¸50,2025-04-24T13:49:52Z,0
Plp2kiyzZR4,@Leudimarnunes-e6o,HeufrnwoğŸ˜…ğŸ˜‚,2025-04-24T13:01:56Z,0
Plp2kiyzZR4,@MoreGennaroAnce,No se puede ni caminar ğŸš¶â€â™‚ï¸ con ese pelo,2025-04-24T12:47:41Z,0
Plp2kiyzZR4,@ryancky11,Toyâ¤fdhe,2025-04-24T12:45:39Z,0
Plp2kiyzZR4,@kunjam6961,Brainrot,2025-04-24T12:41:29Z,0
Plp2kiyzZR4,@dabilibrahat1221,ğŸ˜‚ğŸ˜‚,2025-04-24T12:02:04Z,0
Plp2kiyzZR4,@ë°•ìŠ¹ìˆ˜-r8n,í™”ì¥ì‹¤,2025-04-24T11:56:47Z,0
Plp2kiyzZR4,@jyungaehyun5418,ë¯¸ì›Œ,2025-04-24T11:56:22Z,0
Plp2kiyzZR4,@Arisa123-n9r,ewean,2025-04-24T11:42:41Z,0
Plp2kiyzZR4,@Arisa123-n9r,ewehan,2025-04-24T11:42:03Z,2
Plp2kiyzZR4,@arithiariana29,â¤ğŸ˜Š,2025-04-24T11:27:40Z,0
Plp2kiyzZR4,@TreciaRiego,ğŸ˜…ğŸ˜…ğŸ˜…<br>ğŸ˜…ğŸ˜…ğŸ˜…ğŸ˜…,2025-04-24T11:22:23Z,0
Plp2kiyzZR4,@kaanalec,WtfğŸ¤¨,2025-04-24T11:16:04Z,0
Plp2kiyzZR4,,Annoying,2025-04-24T10:57:49Z,0
Plp2kiyzZR4,@delphinebazzanella8879,â¤â¤â¤,2025-04-24T10:51:12Z,0
Plp2kiyzZR4,@JeanLima-i2w,â¤â¤â¤â¤â¤â¤â¤,2025-04-24T10:12:31Z,6
Plp2kiyzZR4,@Mixed.com5,ğŸ˜®ğŸ˜®ğŸ˜®ğŸ˜®,2025-04-24T10:10:46Z,0
Plp2kiyzZR4,@laurasouza3866,Lybd<br>ğŸ˜Š,2025-04-24T09:28:35Z,0
Plp2kiyzZR4,@ã¾ã¾-u5i,ãª,2025-04-24T09:26:46Z,0
Plp2kiyzZR4,@ã¾ã¾-u5i,ã•ãªã‚„ã•ã‚„ã¯ãª,2025-04-24T09:26:42Z,0
Plp2kiyzZR4,@subscribemeforget1million,ğŸ—½âƒ¢âƒ¢ğŸ—¿WTF,2025-04-24T08:34:36Z,0
Plp2kiyzZR4,@JesyansarJaseena,GuryuğŸ˜®,2025-04-24T08:30:50Z,0
Plp2kiyzZR4,@é™³å®‡ç¥¥-g3k,èµ¤å­—é–‹^_^O:-)ğŸ«›ğŸ®ğŸ®ğŸ¥‚ğŸ¶ğŸ¥‚ğŸ¥ƒğŸ»ğŸ»ğŸ»ğŸ¼ğŸ¼ğŸ¥›ğŸ¥›ğŸ¼ğŸ¥§ğŸ§ğŸ¥›â˜•ğŸ§‰ğŸ«™ğŸ”ªğŸ½ï¸è€å¸«æ˜¯å­¸æ ¡è«‹ä»–ä»Šå¤©èµ·é­šé­šäºŒäºŒäºŒäºŒæœˆèªæ–‡èŠ±çµ®è³‡æ ¼æ­å¸‚éŒ„å–å…¶å¯¦,2025-04-24T08:22:50Z,0
Plp2kiyzZR4,@Sugito-k4x,â™¥ï¸â™¥ï¸ğŸ‰ğŸ‰ğŸ‰ğŸ‰ğŸ‰ğŸ‰ğŸ‰ğŸ‰â™¥ï¸1,2025-04-24T08:21:45Z,0
Plp2kiyzZR4,@Shahalam-x,subscriber done to  done à¦–à§‡à¦²à¦²à§‡ à¦šà¦²à§‡ à¦†à¦¸à§à¦¨,2025-04-24T08:17:53Z,0
Plp2kiyzZR4,@JANNAAdamyan-w2n,Thgg,2025-04-24T08:14:35Z,0
Plp2kiyzZR4,@Hanumesh.KKudrimoti,ğŸ˜®ğŸ˜®ğŸ˜®ğŸ˜®ğŸ˜®ğŸ˜®,2025-04-24T07:41:05Z,0
Plp2kiyzZR4,@MaritesPraAt,ğŸ˜¢,2025-04-24T07:29:50Z,0
Plp2kiyzZR4,@SilviaRubio-i6b,ğŸ˜®ğŸ˜®ğŸ˜®ğŸ˜®ğŸ˜®,2025-04-24T07:25:46Z,0
Plp2kiyzZR4,@RoseMarieOndra,ğŸ˜¢ğŸ˜¢ğŸ˜¢ğŸ˜¢,2025-04-24T07:11:37Z,0
Plp2kiyzZR4,@vedatakyol9144,ğŸ˜Š,2025-04-24T07:06:17Z,0
Plp2kiyzZR4,@SurendraSingh-ow6rv,ğŸ˜…,2025-04-24T06:51:18Z,0
Plp2kiyzZR4,@AhmadShodiq-ei8cy,Khu[ojyp;hkhfp;jhgguğŸ˜‚ğŸ˜®,2025-04-24T06:46:55Z,0
Plp2kiyzZR4,@maurogarcia4682,ğŸ˜‚ğŸ˜‚ğŸ˜‚ğŸ˜‚ğŸ¤£ğŸ¤£ğŸ¤£ğŸ¤£ğŸ¦ ğŸ¦ ğŸ¦ ,2025-04-24T06:36:37Z,0
Plp2kiyzZR4,@DipaBhandari-b1e,Iâ¤lâ¤oâ¤vâ¤eâ¤uâ¤ğŸ˜¢ğŸ˜¢ğŸ˜®ğŸ˜®,2025-04-24T06:24:26Z,3
Plp2kiyzZR4,@MelanieEspejel-l6x,HiğŸ˜Š,2025-04-24T06:22:43Z,24
Plp2kiyzZR4,@CassHernan-v4s,ğŸ˜‚ğŸ˜‚ğŸ˜‚,2025-04-24T06:16:16Z,0
Plp2kiyzZR4,@BUNNY444-r4y,Support me ğŸ˜¢ğŸ˜¢,2025-04-24T05:25:00Z,0
Plp2kiyzZR4,@BUNNY444-r4y,Support me ğŸ˜¢ğŸ˜¢,2025-04-24T05:24:53Z,0
Plp2kiyzZR4,@BUNNY444-r4y,Support me ğŸ˜¢ğŸ˜¢,2025-04-24T05:24:43Z,0
Plp2kiyzZR4,@SabitraBasnet-f3f,ğŸ‘³â€â™€ï¸ğŸ˜‚ğŸ˜‚ğŸ˜‚,2025-04-24T05:01:02Z,0
Plp2kiyzZR4,@HÃ¹mTráº§n-s1u,TÃ³c dÃ i cÃ³ TrÃ­,2025-04-24T04:23:41Z,0
Plp2kiyzZR4,@ToonDubHindi,Aim 100k subscribers.â¤ Thank you for your help ğŸ’ğŸ˜‡,2025-04-24T03:47:59Z,1
Plp2kiyzZR4,@Nguyenucchuc,Live â¤,2025-04-24T03:38:09Z,0
Plp2kiyzZR4,@IrmaCastro-m1w,es gey,2025-04-24T03:02:03Z,0
Plp2kiyzZR4,@carlosfranciscosantiago2492,nadamas lo copio,2025-04-24T02:13:36Z,0
Plp2kiyzZR4,@MadanM-z4i,S,2025-04-24T02:02:06Z,0
Plp2kiyzZR4,@Keyryan,"<a href=""https://youtube.com/@keyryan?si=QO61GYcHzT8Kn7PD"">https://youtube.com/@keyryan?si=QO61GYcHzT8Kn7PD</a>",2025-04-24T01:59:20Z,0
Plp2kiyzZR4,@sandraoppenheimer,ğŸ˜ğŸ˜ğŸ˜ğŸ˜ğŸ˜ğŸ¥ºğŸ¥ºğŸ¥ºğŸ¥ºğŸ¥º,2025-04-24T01:13:11Z,0
Plp2kiyzZR4,@bulueta4772,"Hair so stiff,<br>it could survive a hurricane.<br>Helmet? No need.<br>ğŸ’¨ğŸ§´ğŸª–ğŸ˜",2025-04-24T00:53:00Z,48
Plp2kiyzZR4,@VianeyRamirez-c4m,Yo no  en tiendao  lo que  es tadisiendoğŸ˜…,2025-04-24T00:43:21Z,0
Plp2kiyzZR4,@Jacquelinewilliams-wq3zr,That&#39;s a great idea you should cut your hair or just looking cut I want to guess where the weirdest a glue get on,2025-04-24T00:36:50Z,15
Plp2kiyzZR4,@MorenaQuintana-v5e,ğŸ˜®ğŸ˜®ğŸ˜®â¤ğŸšºğŸš«ğŸš«ğŸš«ğŸš«ğŸš«,2025-04-24T00:32:04Z,0
Plp2kiyzZR4,@telmatelminha6661,ğŸ˜¢   cartinha ğŸ˜¢ğŸ˜¢ğŸ˜¢ğŸ˜¢ğŸ˜¢ğŸ˜¢ğŸ˜…ğŸ˜…ğŸ˜…ğŸ˜…ğŸ˜…,2025-04-23T23:59:51Z,0
Plp2kiyzZR4,@NormaGarcia-z8s,â¤â¤ğŸ’•xekdfri,2025-04-23T23:30:43Z,0
Plp2kiyzZR4,@magdalenajozwik1913,Ciara,2025-04-23T22:25:27Z,0
Plp2kiyzZR4,@valeriewilliams8992,Was you about to cut your hair ğŸ’‡â€â™€ï¸,2025-04-23T22:14:19Z,2
Plp2kiyzZR4,@YamirQuitianniÃ±o,ğŸ¥µğŸ¥µğŸ¥µğŸ¥µğŸ¥µğŸ¥µğŸ¥µğŸ¥µğŸ¥µğŸ¥µğŸ¥µğŸ¥µğŸ¥µğŸ¥µğŸ¥µğŸ¥µğŸ¥µğŸ¥µğŸ¥µğŸ¥µğŸ¥µğŸ¥µğŸ¥µğŸ¥µğŸ¥µğŸ¥µ,2025-04-23T21:51:15Z,0
Plp2kiyzZR4,@marciagonzalez7670,Wow,2025-04-23T21:49:25Z,0
Plp2kiyzZR4,@MishaGull-db5bs,Ioveâ¤â¤â¤â¤â¤â¤â¤â¤â¤â¤â¤â¤â¤â¤â¤â¤â¤â¤â¤â¤you,2025-04-23T21:27:27Z,0
Plp2kiyzZR4,@SÃ±ramrMr,â¤,2025-04-23T21:00:26Z,0
Plp2kiyzZR4,@BTOcoin,Zero emissions is the future we are building today. If you are interested in how to achieve this and what technologies help us achieve it - check out my posts on the channel. You will find specifics and inspiration there!,2025-04-23T20:06:53Z,0
Plp2kiyzZR4,@LeeBunbury,"Daily life struggles, but you made it fun to watch! ğŸ˜„ğŸ¬",2025-04-23T19:36:24Z,51
Plp2kiyzZR4,@ViolettaPhone-c4c,Ğ’ÑĞµ Ñ‡Ñ‚Ğ¾ Ğ°Ğ½Ğ³Ğ»,2025-04-23T19:14:03Z,0
Plp2kiyzZR4,@AidaLuzMachadodiaz,En vez de ponerte a hacerte pendejadas porque no te puedo hacer otra cosa,2025-04-23T18:40:50Z,0
Plp2kiyzZR4,@Ğ¢Ğ¾Ğ½Ğ¸Ğ˜Ğ»Ğ¸ĞµĞ²Ğ°-Ğµ9Ñ„,ğŸ˜¢,2025-04-23T18:39:10Z,0
Plp2kiyzZR4,@ReinaldoCalderÃ­n-f9x,ğŸ˜¢,2025-04-23T18:10:31Z,0
Plp2kiyzZR4,@Ø£Ù…ÙŠÙ†Ø£Ø­Ù…Ø¯-Øª4Ø±,ğŸ˜‚ğŸ˜ŠğŸ˜¢ğŸ˜…,2025-04-23T18:01:26Z,0
Plp2kiyzZR4,@RajuKumar-f3f4c,ğŸ˜®ğŸ˜®,2025-04-23T18:00:15Z,0
Plp2kiyzZR4,@ingunalaizane9488,ğŸ˜¢ğŸ˜¢ğŸ˜¢ğŸ˜¢ğŸ˜¢ğŸ˜¢ğŸ˜¢ğŸ˜¢ğŸ˜¢ğŸ˜¢ğŸ˜¢ğŸ˜¢ğŸ˜¢ğŸ˜¢ğŸ‰â¤â¤â¤â¤â¤â¤â¤â¤â¤â¤â¤ğŸ˜®ğŸ˜®ğŸ˜®ğŸ˜®ğŸ˜…,2025-04-23T17:33:50Z,0
Plp2kiyzZR4,@asilsiddiquegaming3707,â¤â¤â¤â¤â¤â¤â¤â¤â¤â¤â¤â¤â¤ğŸ˜ŠğŸ˜ŠğŸ˜ŠğŸ˜ŠğŸ˜ŠğŸ˜ŠğŸ˜ŠğŸ˜ŠğŸ˜®ğŸ˜®ğŸ˜®ğŸ˜®ğŸ˜®,2025-04-23T17:15:35Z,0
Plp2kiyzZR4,@asilsiddiquegaming3707,ğŸ˜‚ğŸ˜‚ğŸ˜‚ğŸ˜‚ğŸ˜‚ğŸ˜‚ğŸ˜‚ğŸ˜‚ğŸ˜‚ğŸ˜‚ğŸ˜‚ğŸ˜‚ğŸ˜‚,2025-04-23T17:14:56Z,0
Plp2kiyzZR4,@BetsyGanchozo-q3d,ğŸ˜¢ğŸ˜¢ğŸ˜¢  no  la  violen ğŸ˜¢ğŸ˜¢  eso  se  balienteğŸ˜‚ğŸ˜‚ğŸ˜‚,2025-04-23T17:04:31Z,2
Plp2kiyzZR4,@sidalibelahcene1539,ÙƒØ§ÙƒØ§ ÙÙŠ ÙƒØ±Ù…Ùƒ,2025-04-23T17:03:44Z,0
Plp2kiyzZR4,@Ø¹Ù„ÙŠØ­Ø³ÙŠÙ†-Ø¹3Ø­1Ùˆ,ÙˆØ§ÙˆğŸ˜®,2025-04-23T16:54:24Z,0
Plp2kiyzZR4,@yasartangal2513,Tabii baÅŸkasÄ±nÄ±n saÃ§Ä± bitlenirsin,2025-04-23T16:44:17Z,2
Plp2kiyzZR4,@mimi-f1s3k,Bah c&#39;est bien. Tu as coupÃ© tes cheveux mais tes cheveux sont sales donc il faut les laverğŸ˜‚ t&#39;inquiÃ¨te je me moque de toiğŸ˜‚ğŸ˜‚ğŸ˜‚,2025-04-23T16:33:10Z,0
Plp2kiyzZR4,@AudreyIzzati,Fuyo she looks so idiot,2025-04-23T16:25:46Z,0
Plp2kiyzZR4,@AndricVisaez,No se lo imagino,2025-04-23T15:07:45Z,1
Plp2kiyzZR4,@Vuilacuoi,Wow ğŸ˜®,2025-04-23T15:02:16Z,0
Plp2kiyzZR4,@lucianapereira3809,NÃ£o nÃ£o nÃ£o nÃ£o nÃ£o nÃ£o nÃ£o nÃ£o nÃ£o nÃ£o nÃ£o nÃ£o gostei isso Ã© mentira isso aÃ­ nÃ£o Ã© cabelo de verdade nÃ£o gostei,2025-04-23T14:14:57Z,2
Plp2kiyzZR4,@MPER-807,ğŸ˜¢ğŸ˜®ğŸ˜¡ğŸ™ğŸ˜ˆ,2025-04-23T14:14:31Z,0
PDpCxN8fDjM,@NgocLuu-lb4qg,Xem Ä‘i xe váº«n tháº¥y buá»“n cuoi,2025-04-24T18:48:15Z,0
PDpCxN8fDjM,@NhiNguyá»…n-j7r5v,ğŸ˜‚ hÃ i ghÃªğŸ˜‚ğŸ˜‚ğŸ˜‚ ko nghÄ© tá»›i trÆ°á»ng há»£p nÃ y lun,2025-04-24T18:46:32Z,0
PDpCxN8fDjM,@ÄanHuynhHoÃ ng-s7t,Ngá»±c,2025-04-24T15:30:50Z,0
PDpCxN8fDjM,@Tuyáº¿tphÆ°Æ¡ngTrÆ°Æ¡ng-g9d,ğŸ˜‚ğŸ˜‚ğŸ˜‚ğŸ˜‚,2025-04-24T14:55:45Z,0
PDpCxN8fDjM,@4bifamily,Lucu,2025-04-24T14:26:57Z,0
PDpCxN8fDjM,@CuongNguyen-u1o5o,Chá»‰ nháº§m thÃ´i mÃ  ğŸ˜‚ğŸ˜‚ğŸ˜‚ğŸ˜‚,2025-04-24T12:07:30Z,0
PDpCxN8fDjM,@Christoph399,"NÃ y lÃ  pomelo. Quáº£ grapefruit to hÆ¡n quáº£ cam nhÆ°ng nhá» hÆ¡n quáº£ bÆ°á»Ÿi, vá» mÃ u vÃ ng ruá»™t mÃ u Ä‘á». CÃ²n quáº£ trong video lÃ  pomelo.",2025-04-24T11:39:39Z,0
PDpCxN8fDjM,@TienVuongNguyen-lq2cg,Hai chá»‹ Ä‘Ã³ kiá»ƒu: QUÃŠ Má»˜T Cá»¤C,2025-04-24T10:41:53Z,0
PDpCxN8fDjM,@Má»¹Háº¡nhPhanthá»‹-h9g,HaaaaaaaaaağŸ˜‚,2025-04-24T09:55:52Z,0
PDpCxN8fDjM,@Cuocsong9999,2 baÌ€ naÌ€y nhaÌ£y caÌ‰m quaÌ haha,2025-04-24T06:53:53Z,0
PDpCxN8fDjM,@hunghuynh6749,"Báº¯c ká»³ hay lÃ m lÃ­p dÆ¡ quÃ¡, nhÃ¬n nÃ³ sÃ m sÃ m sao Ä‘Ã³. CÃ¡i vÄƒn hoÃ¡ thÃºi quÃ¡",2025-04-24T04:45:23Z,0
PDpCxN8fDjM,@HueTranThi-g2v,ğŸ˜‚ğŸ˜‚ğŸ˜‚,2025-04-24T04:35:18Z,0
PDpCxN8fDjM,@tamhienphat1438,ğŸ˜‚ğŸ˜‚ğŸ˜‚ğŸ˜‚ğŸ˜‚,2025-04-24T03:40:26Z,0
PDpCxN8fDjM,@há»™inguyá»…nvÄƒn-l6u,ğŸ˜‚ğŸ˜‚ğŸ˜‚ Hai báº£ tá»± nháº­n mÃ¬nh cÃ³ 2 quáº£ BÆ°á»Ÿi nhÆ°ng ráº¥t tiáº¿c láº¡i khÃ´ng pháº£i váº­y ğŸ˜‚ğŸ˜‚ğŸ˜‚,2025-04-24T02:04:40Z,0
PDpCxN8fDjM,@MeiTang0911,ğŸ˜‚,2025-04-24T01:53:31Z,0
PDpCxN8fDjM,@tayduky-j3b,"<a href=""https://www.youtube.com/watch?v=b4T0l2jPD0U"">https://youtu.be/b4T0l2jPD0U?si=SG9pyJdqhog6U5aL</a> bá»™ truyá»‡n tÃ¢y du kÃ½ má»›i",2025-04-24T01:37:44Z,0
PDpCxN8fDjM,@tiepberlin99niiii,2 em nÃ y nÃ¢ng nguc a,2025-04-24T01:37:40Z,0
PDpCxN8fDjM,@subiskater,ğŸ˜‚ğŸ˜‚ğŸ˜‚ğŸ˜‚,2025-04-23T21:09:28Z,0
PDpCxN8fDjM,@BÃ¬nhThanh-x1l,ğŸ˜‚ğŸ˜‚ğŸ˜‚ğŸ˜‚ğŸ˜‚,2025-04-23T20:53:08Z,0
PDpCxN8fDjM,@tuanminhtran3428,RÃ¹i nhÃ¡i láº¡i Clip cá»§a ngÆ°á»i ta...,2025-04-23T18:40:16Z,0
PDpCxN8fDjM,@hongdung9967,ğŸ˜‚ğŸ˜‚ğŸ˜‚ğŸ˜‚nÃ³i 2 quáº£ bÆ°á»Ÿi chá»© cÃ³ nÃ³i 2 quáº£ cam Ä‘Ã¢u 2máº¹,2025-04-23T15:36:57Z,0
PDpCxN8fDjM,@TrungTrinhNguyá»…nHoÃ ng,Ãª,2025-04-23T15:26:34Z,0
PDpCxN8fDjM,@Vuilacuoi,HahağŸ˜…,2025-04-23T15:01:55Z,0
PDpCxN8fDjM,@DanhHoang-hongloan,ğŸ˜‚ğŸ˜‚ğŸ˜‚ğŸ˜‚ğŸ˜‚ğŸ˜‚ğŸ˜‚ğŸ˜‚,2025-04-23T14:28:34Z,0
PDpCxN8fDjM,@thaynguyenquoctuan,"TÃ u sáº¯p Ä‘áº¿n, vui lÃ²ng nÃ³i rÃµ: bÆ°á»Ÿi nÄƒm roi hay bÆ°á»Ÿi nÄƒm rá»“iğŸ˜‚",2025-04-23T11:58:58Z,0
PDpCxN8fDjM,@NhÃ HÃ ngACMan,BÆ°á»Ÿi nhÃ  hÃ ng tiu chuáº©n bÃ³c ra pháº£i cÃ³ mÃ u hÆ°á»ng ğŸ¤£ğŸ¤£ğŸ¤£ğŸ¤£ğŸ¤£ğŸ¤£ğŸ¤£ğŸ¤£ğŸ¤£,2025-04-23T10:16:30Z,0
PDpCxN8fDjM,@tinfpv8694,CÅ©ng láº¥y Ã½ tÆ°á»Ÿng bÃªn nn vá» xÃ o láº¡i thÃ´i,2025-04-23T09:29:58Z,0
PDpCxN8fDjM,@hangnguyen-md6ny,TÃ´i cÆ°á»i ná»™i thÆ°Æ¡ng luÃ´n ğŸ˜Š,2025-04-23T07:11:21Z,0
PDpCxN8fDjM,@Truc-1,Nham tys y ma,2025-04-23T06:54:52Z,0
PDpCxN8fDjM,@Rtyu4ydfy,QuÃªeeeeeeeeeeeeee...ğŸ˜‚ğŸ˜‚ğŸ˜‚ğŸ˜‚,2025-04-23T06:29:19Z,0
PDpCxN8fDjM,@Thá»§yÄÃ m-o3b,KhÃ´ng biáº¿t nÃªn Ä‘á»™i bao nhiÃªu cÃ¡i quáº§n má»›i háº¿t nhá»¥cğŸ˜‚ğŸ˜‚,2025-04-23T05:21:22Z,1
PDpCxN8fDjM,@DoanTran-o7z,Äen tá»‘i quÃ¡,2025-04-23T05:08:44Z,0
PDpCxN8fDjM,@Non-Dementicar,NHÃY CLIP NÆ¯á»šC NGOÃ€I MHÆ¯NG ÄÃ‰U VUI,2025-04-23T04:59:58Z,0
PDpCxN8fDjM,@phamtung7213,ğŸ¤£ğŸ˜„ğŸ˜‚,2025-04-23T04:34:13Z,0
PDpCxN8fDjM,@azphongzom8744,ğŸ˜‚ğŸ˜‚ğŸ˜‚ğŸ˜‚ğŸ˜‚ğŸ˜‚,2025-04-23T04:33:58Z,0
PDpCxN8fDjM,@quanlaidinh1349,ğŸ˜‚ğŸ˜‚ğŸ˜‚,2025-04-23T04:02:10Z,0
PDpCxN8fDjM,@jaynong8067,ğŸ˜‚ğŸ˜‚ğŸ˜‚ğŸ˜‚ğŸ˜‚ğŸ˜‚ğŸ˜‚â¤â¤tÃ o lao,2025-04-23T02:03:42Z,0
PDpCxN8fDjM,@dungbui3813,ğŸ˜‚,2025-04-23T01:08:06Z,0
PDpCxN8fDjM,@zuhribin5785,2 chá»‹ sá»£ bá»‹ cá»™ng hÆ°á»Ÿng tá»« nÃ³ Ná»• háº£,2025-04-23T00:29:51Z,0
PDpCxN8fDjM,@daothidinh5946,CÆ°á»i vá»¡ bá»¥ng,2025-04-22T18:10:52Z,0
PDpCxN8fDjM,@namvuhoang5692,â¤ï¸â¤ï¸â¤ï¸â¤ï¸â¤ï¸â¤ï¸ğŸŒ¹ğŸŒ¹ğŸŒ¹ğŸŒ¹ğŸŒ¹,2025-04-22T17:53:33Z,0
PDpCxN8fDjM,@truonghoangphu2504,Máº¥y bá»n Ä‘iÃªn tÆ°á»Ÿng mÃ¬nh hÃ i hÆ°á»›c,2025-04-22T17:16:24Z,0
PDpCxN8fDjM,@Thá»‹LaHÃ -f8g,Chá»‹ lÃ m thÃªm video ná»¯a Ä‘iâ¤â¤â¤,2025-04-22T14:34:27Z,0
PDpCxN8fDjM,@Thá»‹LaHÃ -f8g,Hay quÃ¡ â¤â¤â¤â¤,2025-04-22T14:33:23Z,0
PDpCxN8fDjM,@NhungHuynh-s3s,CÃ¡i loa máº¥t lá»‹ch sá»± quÃ¡ vÃ¬ bá»‹ hiá»ƒu láº§m ğŸ˜‚ğŸ˜‚,2025-04-22T14:01:17Z,0
PDpCxN8fDjM,@DungNguyá»…n-f3y,Trá»i Æ¡iy nhÃ¢n viÃªn máº¥y ngÆ°á»i Ä‘ang cáº§m 2 quáº£ bÆ°á»Ÿi chá»© ko pháº£i cÃ¡i Ä‘Ã³ Ä‘Ã¢u,2025-04-22T13:05:14Z,0
PDpCxN8fDjM,@Thaongo-js7jh,QuÃª,2025-04-22T13:02:52Z,0
PDpCxN8fDjM,@khanga60,Cáº·p Ä‘áº¹p,2025-04-22T12:58:54Z,0
PDpCxN8fDjM,@Háº±ngTráº§n-m9i,NÃ³ c quÃª má»™t cá»¥c,2025-04-22T12:20:53Z,0
PDpCxN8fDjM,@Má»™tNgÆ°á»iNÃ oÄÃ³ahihi,HÆ°á»›ng ná»™i suá»‘t pháº§n Ä‘á»i cÃ²n láº¡i ğŸ˜‚,2025-04-22T12:18:22Z,0
PDpCxN8fDjM,@saunguyenvanbe4568,CÃ³ lÃ½ nha ğŸ˜‚â¤ğŸ¤£,2025-04-22T11:57:43Z,1
PDpCxN8fDjM,@gchientran9624,SÃ m sÃ m,2025-04-22T11:43:07Z,0
PDpCxN8fDjM,@RongVangtonghop,cam mÃ  tÆ°á»Ÿng bÆ°á»Ÿi váº­y,2025-04-22T11:32:19Z,0
PDpCxN8fDjM,@Miecute-2000,"quÃª lÃ  quÃª, lÃ  quÃª, chÃºng mÃ¬nh quÃª nhiá»u quÃª lÃ  quÃª lÃ  quÃª chÃºng mÃ¬nh quÃª quÃ¡ ğŸ¤£ğŸ¤£ğŸ¤£ğŸ¤£ğŸ¤£ğŸ¤£",2025-04-22T11:21:10Z,0
PDpCxN8fDjM,@Trá»‹PhanXuÃ¢n,Háº¿t cÃ­uğŸ˜‚ğŸ˜‚ğŸ˜‚,2025-04-22T10:04:43Z,0
PDpCxN8fDjM,@luongpham7716,"XÃ©p lÃ©p mÃ  tÆ°á»Ÿng,",2025-04-22T09:14:40Z,0
PDpCxN8fDjM,@wolfganghg9911,Ngáº¯n gá»n quÃ¡ Ä‘Ã¡ng ğŸ˜‚ğŸ˜‚,2025-04-22T08:48:46Z,0
PDpCxN8fDjM,@WanderingMindfully,"Wherever You Go, There You Are<br><a href=""https://www.youtube.com/watch?v=T1iRMj3CzHo"">youtu.be/T1iRMj3CzHo</a>",2025-04-22T07:51:37Z,0
PDpCxN8fDjM,@huyle4449,áº¢o tÆ°á»Ÿng,2025-04-22T06:08:46Z,0
PDpCxN8fDjM,@angtham979,ğŸ˜ğŸ˜ğŸ˜ğŸ˜ğŸ˜ğŸ˜ğŸ˜ğŸ˜,2025-04-22T05:48:32Z,0
PDpCxN8fDjM,@BonPham-qs2ex,ğŸ˜‚ğŸ˜‚ğŸ˜‚,2025-04-22T05:17:12Z,0
PDpCxN8fDjM,@manhhung8259,2 chá»‹ chá»‰ lÃ  cam thÃ´i nhÃ¡.,2025-04-22T05:07:01Z,0
PDpCxN8fDjM,@Báº£oQuá»‘c-k1t,ğŸ˜…ğŸ˜…ğŸ˜…ğŸ˜‚ğŸ˜‚ğŸ˜‚ğŸ˜‚ğŸ˜‚,2025-04-22T03:02:13Z,0
PDpCxN8fDjM,@XUMEO-1,ğŸ˜…ğŸ˜…ğŸ˜…ğŸ˜…,2025-04-22T01:28:04Z,0
PDpCxN8fDjM,@haidang8051,"2 báº¡n ná»¯ khÃ´ng phÃ¢n biá»‡t Ä‘Æ°á»£c Ä‘Ã¢u lÃ  BÆ°á»Ÿi, Ä‘Ã¢u lÃ  Cam.",2025-04-22T00:41:08Z,0
PDpCxN8fDjM,@EraRadio61,content rÃ¡c ghÃª,2025-04-22T00:34:37Z,0
PDpCxN8fDjM,@helenvu256,CÆ°á»i bá»ƒ bá»¥ng â¤,2025-04-22T00:05:59Z,0
PDpCxN8fDjM,@thoipham2133,ğŸ˜ŠğŸ˜ŠğŸ˜Š,2025-04-21T16:49:24Z,0
PDpCxN8fDjM,@TuanNguyen-sk2xq,NhÃ¬n 2 chá»‹ em cx quÃª lun ğŸ¤¡,2025-04-21T16:49:11Z,0
PDpCxN8fDjM,@priyanguyen738,"Hay láº¯m, hÃ i nháº¹ nhÃ ngğŸ˜‚",2025-04-21T16:01:10Z,0
PDpCxN8fDjM,@Nongdan68,ğŸ˜‚ğŸ˜‚ğŸ˜‚,2025-04-21T15:03:13Z,0
PDpCxN8fDjM,@TuDuongThi-zi5bn,ğŸ˜…ğŸ˜…ğŸ˜…,2025-04-21T13:47:28Z,0
PDpCxN8fDjM,@NgÃ´Thá»‹Hiá»n-q4h,ğŸ˜…ğŸ˜…ğŸ˜…,2025-04-21T13:29:10Z,0
PDpCxN8fDjM,@MinhVu-hy1rc,BÃ  Ä‘áº§u lÃ  (quáº¥t há»“ng bÃ¬) mÃ  lÃ¹i chi záº­yğŸ˜…,2025-04-21T13:17:35Z,0
PDpCxN8fDjM,@ToÃ nLÃª-n9e,Treo Ä‘iá»‡n thoáº¡i kiá»ƒu cho Äƒn cÆ°á»›p dá»… láº¥y,2025-04-21T13:00:27Z,0
PDpCxN8fDjM,@_Chiiuminhcau_,bá»¯a thá»© báº£y tÃ´i Ä‘Ã£ Ä‘i ngÃ y 19 thÃ¡ng 04 nÄƒm 2025 Ä‘Ã³,2025-04-21T12:44:51Z,0
PDpCxN8fDjM,@longlam8663,ğŸ˜‚ğŸ˜‚ğŸ˜‚ğŸ˜‚ğŸ˜‚ğŸ˜‚,2025-04-21T11:38:11Z,0
PDpCxN8fDjM,@mohong7168,ğŸ˜Š,2025-04-21T11:18:49Z,0
PDpCxN8fDjM,@LÆ°Æ¡ngTráº§nÄá»©c-r5p,BÆ°á»Ÿi nÃ o pháº£i nÃ³i ra chá»© nÃ³ lÃ  bÆ°á»Ÿi Äƒn mÃ  ğŸ˜…ğŸ˜…,2025-04-21T10:29:10Z,0
PDpCxN8fDjM,@GENERALNEWS-n2m,"<a href=""https://www.youtube.com/watch?v=jbZsKB-65aM"">https://youtu.be/jbZsKB-65aM?si=r7_gZcrqtwfjmzEb</a>",2025-04-21T10:16:47Z,0
PDpCxN8fDjM,@nguyenhoangphuoc7319,Kkk cÆ°á»i sáº·c,2025-04-21T08:40:24Z,0
PDpCxN8fDjM,@HaNguyen-ou9tg,nhá»¥c quÃ¡ :))),2025-04-21T08:35:27Z,1
PDpCxN8fDjM,@GdTs-r7e,Em nÃ y LÃ  Thanh Tráº§n MÃ  ta,2025-04-21T06:18:48Z,0
PDpCxN8fDjM,@Huá»‡Nguyá»…nthá»‹-b6s,Ga tÃ u cá»© báº­t báº­t bÃ­ bÃ­ nhÆ° váº­y lÃ m ngÆ°á»i ta giáº­t mÃ¬nhğŸ˜‚ğŸ˜‚ğŸ˜‚ğŸ˜‚ğŸ˜‚ğŸ˜‚ğŸ˜‚ğŸ˜‚ğŸ˜‚ğŸ˜‚ğŸ˜‚ğŸ˜‚ğŸ˜‚ğŸ˜‚ğŸ˜‚ğŸ˜‚ğŸ˜‚ğŸ˜‚ğŸ˜‚ğŸ˜‚ğŸ˜‚ğŸ˜‚ğŸ˜‚ğŸ˜‚ğŸ˜‚ğŸ˜‚ğŸ˜‚,2025-04-21T06:06:23Z,0
PDpCxN8fDjM,@bangquach3022,320 nhá» hÆ¡n 295,2025-04-21T05:27:39Z,0
PDpCxN8fDjM,@HiepNguyenVan-lo9lb,QuÃª ağŸ˜‚ğŸ˜‚ğŸ˜‚ğŸ˜‚ğŸ˜‚,2025-04-21T05:23:38Z,0
PDpCxN8fDjM,@Báº£oHÃ¢nNguyá»…nPháº¡m-t7c,Khi bn bá»‹ áº£o tÆ°á»Ÿng sáº¯c Ä‘áº¹p:))ğŸ˜‚ğŸ˜‚,2025-04-21T04:02:20Z,0
PDpCxN8fDjM,@NhanNhung-k2b,LÃºc cuá»‘i quÃª cá»±c máº¡nhğŸ˜‚ğŸ˜‚ğŸ˜‚ğŸ˜‚,2025-04-21T02:57:59Z,0
PDpCxN8fDjM,@ê¹€ëŒ€ê³¤-j1q,ğŸ˜‚ğŸ˜‚ğŸ˜‚ğŸ˜‚ğŸ˜‚,2025-04-21T02:10:58Z,0
PDpCxN8fDjM,@hieuhuynh-w7o,Giá» bÆ°á»Ÿi vá» giÃ  thÃ nh mÆ°á»›p  nhÃ©,2025-04-21T01:38:17Z,0
PDpCxN8fDjM,@Nguyentung36vippro,cÆ°á»i á»‰a ğŸ˜‚ğŸ˜‚ğŸ˜‚,2025-04-21T01:35:07Z,0
PDpCxN8fDjM,@theuhoang7838,Háº¡i nÃ£o,2025-04-21T00:18:06Z,0
PDpCxN8fDjM,@Abao-f1,QuÃª vÃ£iğŸ˜‚ğŸ˜‚ğŸ˜‚ğŸ˜‚ğŸ˜‚ğŸ˜‚,2025-04-20T23:12:33Z,0
PDpCxN8fDjM,@LuchaPham,Ká»‹ch báº£n???,2025-04-20T18:02:03Z,0
PDpCxN8fDjM,@hkimcuong2639,giá»ng ko vang. nÃªn ko pháº£i thÃ´ng bÃ¡o cá»§a ga,2025-04-20T17:48:31Z,0
PDpCxN8fDjM,@nhannguyenthi1659,RÃ¡c,2025-04-20T16:20:03Z,0
PDpCxN8fDjM,@hagimedhag3021,ğŸ˜…ğŸ˜… láº§n sau nÃ³i rÃµ lÃ  quáº£ bÆ°á»Ÿi nÃ oğŸ˜…ğŸ˜…ğŸ˜…ğŸ˜…ğŸ˜…ğŸ˜…ğŸ˜‚ğŸ˜‚ğŸ˜‚ğŸ˜‚ğŸ˜‚,2025-04-20T14:50:19Z,0
PDpCxN8fDjM,@dkdjxjd1059,ÄÃ£ Fansie cÃ²n thÃªm bÃ  Thanh Tráº§n ná»¯ağŸ˜‚ğŸ˜‚ğŸ˜‚ğŸ˜‚ğŸ˜‚,2025-04-20T14:07:12Z,0
PDpCxN8fDjM,@duongtrang4338,ğŸ˜‚,2025-04-20T13:48:44Z,0
PDpCxN8fDjM,@MinhPham-ig6bg,Hai tay cáº§m hai quáº£ bÃ²ng mÃ  ğŸ˜‚ğŸ˜‚,2025-04-20T13:30:21Z,0
6uNgUiFWHrQ,@AndreiMihai-j2s,ğŸ˜‚ğŸ˜‚ğŸ˜‚ğŸ˜‚ğŸ˜‚ğŸ˜‚ğŸ˜‚ğŸ˜‚ğŸ˜‚ğŸ˜‚ğŸ˜‚ğŸ˜‚ğŸ˜‚ğŸ˜‚ğŸ˜‚ğŸ˜‚,2025-04-24T18:23:49Z,0
6uNgUiFWHrQ,@LQlika,ğŸ˜‚ğŸ˜‚ğŸ˜‚ğŸ˜‚ğŸ˜‚ğŸ˜‚ğŸ˜‚ğŸ˜‚ğŸ˜‚ğŸ˜‚ğŸ˜‚ğŸ˜‚ğŸ˜‚ğŸ˜‚ğŸ˜‚ğŸ˜‚ğŸ˜‚ğŸ˜‚ğŸ˜‚ğŸ˜‚ğŸ˜‚ğŸ˜‚ğŸ˜‚ğŸ˜‚ğŸ˜‚ğŸ˜‚ğŸ˜‚ğŸ˜‚ğŸ˜‚ğŸ˜‚ğŸ˜‚ğŸ˜‚ğŸ˜‚ğŸ˜‚ğŸ˜‚ğŸ˜‚ğŸ˜‚ğŸ˜‚ğŸ˜‚ğŸ˜‚ğŸ˜‚ğŸ˜‚,2025-04-24T16:53:22Z,0
6uNgUiFWHrQ,@LAZYPUBLICOFFICIAL-123,"<a href=""https://youtube.com/@lazypublicofficial-123?si=uTxCHDYQhTIsk6cp"">https://youtube.com/@lazypublicofficial-123?si=uTxCHDYQhTIsk6cp</a>",2025-04-24T12:21:20Z,0
6uNgUiFWHrQ,@giannisrousakakis696,How is this funny?ğŸ˜,2025-04-24T11:52:51Z,0
6uNgUiFWHrQ,@BUNNY444-r4y,Support me ğŸ˜¢ğŸ˜¢,2025-04-24T05:25:27Z,0
6uNgUiFWHrQ,@BUNNY444-r4y,Support me ğŸ˜¢ğŸ˜¢,2025-04-24T05:25:16Z,0
6uNgUiFWHrQ,@Cat1112-S,"<a href=""https://www.youtube.com/@SohaibAlam1112"">https://www.youtube.com/@SohaibAlam1112</a>",2025-04-24T04:00:49Z,0
6uNgUiFWHrQ,@SerYanOto,"12 mio subscribers, over a 160 mio views. For this nonsense? Poor humanity",2025-04-24T03:57:10Z,0
6uNgUiFWHrQ,@XuanhiepLe-ns2qd,Hahahahhhhhhha,2025-04-24T03:29:31Z,0
6uNgUiFWHrQ,@Keyryan,"<a href=""https://youtube.com/@keyryan?si=QO61GYcHzT8Kn7PD%E2%9D%A4"">https://youtube.com/@keyryan?si=QO61GYcHzT8Kn7PDâ¤</a>",2025-04-24T02:00:19Z,0
6uNgUiFWHrQ,@bulueta4772,"Heâ€™s not barkingâ€¦<br>Heâ€™s communicating.<br>Fluent in Woof, advanced in Tail Wag.<br>Certified good boy in training.<br>ğŸ¾ğŸ—£ï¸ğŸ•ğŸ’¯",2025-04-24T00:56:35Z,39
6uNgUiFWHrQ,@ZahidBlanco-t7c,Xd,2025-04-24T00:19:24Z,0
6uNgUiFWHrQ,@BettyAleman-w6r,Cringe ajena,2025-04-23T22:53:00Z,0
6uNgUiFWHrQ,@GeorgiaAndrea,Disgusting,2025-04-23T22:04:51Z,0
6uNgUiFWHrQ,@mamunkhen2.0,Jokes video,2025-04-23T18:02:15Z,0
6uNgUiFWHrQ,@sahar1usa,V close to reality indeed â¤â¤â¤ğŸ‰ğŸ˜‚,2025-04-23T16:13:19Z,0
6uNgUiFWHrQ,@Ulzii-uchral-t6o,ğŸ˜‚ğŸ˜‚ğŸ˜‚ğŸ˜‚ğŸ˜‚ğŸ˜‚,2025-04-23T13:29:19Z,0
6uNgUiFWHrQ,@romanbush5164,Ğ˜ ÑÑ‚Ğ¾ Ğ² Ñ‚Ğ¾Ğ¿Ğµ ğŸ˜®,2025-04-23T12:53:48Z,0
6uNgUiFWHrQ,@EgidijusPetrenas,"AtsipraÅ¡au uÅ¾ ankstesnÄ¯ atsakymÄ…. Ğ’Ğ¾Ñ‚ Ğ¿Ñ€Ğ°Ğ²Ğ¸Ğ»ÑŒĞ½Ñ‹Ğ¹ Ğ¿ĞµÑ€ĞµĞ²Ğ¾Ğ´:  <br><br><b>*Labas, aÅ¡ turiu darbo pasiÅ«lymÄ….*</b>",2025-04-23T12:20:24Z,0
6uNgUiFWHrQ,@dhenvanbandojo3616,I think bro tried crack for the first time in his life ğŸ’€â˜ ï¸,2025-04-23T11:21:52Z,0
6uNgUiFWHrQ,@ĞĞºĞ°Ğ»Ñ‚Ñ‹Ğ½Ğ£ÑĞµĞ½Ğ¾Ğ²Ğ°,Ñ‚ÑƒĞ¿Ğ¾Ğ¹ Ğ¿Ğ¸Ñ‚Ğ¾Ğ¼ĞµÑ† ğŸ˜‚,2025-04-23T11:14:29Z,0
6uNgUiFWHrQ,@Ø§Ø¨ÙˆØ¬ÙˆØ¯-Ù†6Ø®5Ø¸,Ø£ Ø­Ù…Ø¯,2025-04-23T10:05:40Z,0
6uNgUiFWHrQ,@Magicstory388,ğŸ˜‚ğŸ˜‚ğŸ˜‚ğŸ˜‚ğŸ˜‚ğŸ˜‚ğŸ˜‚ğŸ˜…ğŸ˜…ğŸ˜…,2025-04-23T09:53:57Z,0
6uNgUiFWHrQ,@RajenCorpuz,hahahaha ğŸ˜‚ğŸ˜‚ğŸ˜‚ğŸ¤£ğŸ¤£ğŸ˜‚ğŸ¤£ğŸ¤£ğŸ˜‚ğŸ¤£ğŸ˜‚ your. dogag      li,2025-04-23T07:39:34Z,0
6uNgUiFWHrQ,@MaryannQuia-ot,You a dog lalaki<br>You. Wet dog,2025-04-23T07:15:52Z,0
6uNgUiFWHrQ,@MukundaFA,funny,2025-04-23T06:52:48Z,0
6uNgUiFWHrQ,@CristalynMacabenta-u8m,â¤ğŸ˜‚,2025-04-23T05:47:30Z,0
6uNgUiFWHrQ,@Aimaching53,Koi mujhse dosti karega â¤â¤,2025-04-23T05:32:29Z,0
6uNgUiFWHrQ,@Ğ”Ğ¸Ğ»Ğ±Ğ°Ñ€Ğ¥Ğ°ĞºĞ±ĞµÑ€Ğ´Ğ¸ĞµĞ²Ğ°,ğŸ¤®ğŸ¤®ğŸ«µğŸ˜’,2025-04-23T05:27:36Z,0
6uNgUiFWHrQ,@NiÃ±aTayawan,ğŸ¤ªğŸ¤£ğŸ˜…,2025-04-23T05:15:36Z,0
6uNgUiFWHrQ,@naibelyschacin-n3c,AğŸ˜‚ğŸ‰fas3,2025-04-23T04:26:43Z,0
6uNgUiFWHrQ,@LauraJaramillo-f8e,ğŸ˜‚ğŸ˜‚ğŸ˜‚ğŸ˜‚ğŸ˜‚ğŸ˜‚ğŸ˜‚ğŸ˜‚<br>ğŸ˜Š,2025-04-23T01:04:16Z,0
6uNgUiFWHrQ,@LuisferneyCantillo,ğŸ˜‚ğŸ˜‚ğŸ˜‚ğŸ˜‚ğŸ˜‚ğŸ˜‚ğŸ˜‚ğŸ˜…ğŸ˜…ğŸ˜…,2025-04-22T23:40:27Z,0
6uNgUiFWHrQ,@PedroMaldonado-l9j,WeqağŸ˜‚,2025-04-22T19:10:57Z,0
6uNgUiFWHrQ,@joelizaguirre6490,ğŸ˜‚ğŸ˜‚ğŸ˜‚a,2025-04-22T19:03:44Z,0
6uNgUiFWHrQ,@mphackergaming,Thanks for 30 subscribers,2025-04-22T18:49:00Z,0
6uNgUiFWHrQ,@marcinhokowalski9944,To jest chore.,2025-04-22T17:26:07Z,0
6uNgUiFWHrQ,@ismail.khan.AK47,"<a href=""https://www.youtube.com/@ismail.khan.AK47?sub_confirmation=1%E2%9D%A4%E2%9D%A4"">https://www.youtube.com/@ismail.khan.AK47?sub_confirmation=1â¤â¤</a>",2025-04-22T16:46:42Z,1
6uNgUiFWHrQ,@BhaiTeraGameMera,WTF DID I JUST WATCHâ€¦,2025-04-22T16:34:23Z,0
6uNgUiFWHrQ,@ADEELCOMEDYKARAJA,Funny shorts upload ğŸ‰,2025-04-22T16:15:19Z,0
6uNgUiFWHrQ,@aziallang1275,It was  very Very   funny to me  ğŸ˜‚ğŸ˜‚ğŸ˜‚ğŸ˜‚ğŸ˜‚ğŸ˜‚ğŸ˜‚ğŸ˜‚ğŸ˜‚ğŸ˜‚ğŸ˜‚ğŸ˜‚ğŸ˜‚ğŸ˜‚ğŸ˜‚ğŸ˜‚ğŸ˜‚ğŸ˜‚ğŸ˜‚ğŸ˜‚ğŸ˜‚ğŸ˜‚ğŸ˜‚ğŸ˜‚ğŸ˜‚ğŸ˜‚ğŸ˜‚ğŸ˜‚ğŸ˜‚ğŸ˜‚ğŸ˜‚ğŸ˜‚ğŸ˜‚ğŸ˜‚ğŸ˜‚ğŸ˜‚ğŸ˜‚ğŸ˜‚ğŸ˜‚,2025-04-22T15:49:39Z,0
6uNgUiFWHrQ,@rimly4556,ğŸ˜…ğŸ˜‚ğŸ˜…ğŸ˜‚ğŸ˜…ğŸ˜‚ğŸ˜…ğŸ˜‚ğŸ˜…ğŸ˜‚ğŸ˜…ğŸ˜‚ğŸ˜‚ğŸ¤£ğŸ˜‚ğŸ˜‚,2025-04-22T15:22:50Z,0
6uNgUiFWHrQ,@Abdurrahmanuzan-f7r,"Ã‡ok iÄŸrenÃ§. Ä°nsanlarÄ±, erkek kadÄ±n ayrÄ±mÄ±na, birbirlerinin Ã¼zerinde Ã¼stÃ¼nlÃ¼k kurmak, aÅŸaÄŸÄ±lamak gibi bir anlayÄ±ÅŸa sevk etmek iÃ§in yapÄ±lmÄ±ÅŸ. Oysa Ä°nsan kadÄ±n olsun, erkek olsun en ÅŸerefli varlÄ±k olarak yaratÄ±lmÄ±ÅŸ deÄŸerli kÄ±lÄ±nmÄ±ÅŸtÄ±r. Birbirlerine Ã¼stÃ¼nlÃ¼k kurmak iÃ§in deÄŸil, birbirlerini tamamlamak iÃ§in yaratÄ±lmÄ±ÅŸtÄ±r. Para ve Ã§Ä±kar uÄŸruna insanlarÄ±n kendilerini ve birbirlerini aÅŸaÄŸÄ±lamasÄ± en aÅŸaÄŸÄ±lÄ±k bir davranÄ±ÅŸtÄ±r.",2025-04-22T14:55:56Z,0
6uNgUiFWHrQ,@radhikakhan1567,ğŸ˜‚ğŸ˜‚ğŸ˜‚ğŸ˜‚ğŸ˜‚ğŸ˜‚ğŸ˜‚,2025-04-22T14:20:00Z,0
6uNgUiFWHrQ,@NamNguyen-g3k6n,ğŸ˜‚ğŸ˜‚ğŸ˜‚ğŸ˜‚ğŸ˜‚ğŸ˜‚ğŸ˜‚,2025-04-22T13:38:21Z,0
6uNgUiFWHrQ,@Ğ¡Ğ»Ğ°Ğ²Ğ°Ğ¡Ğ»Ğ°Ğ²Ğ¸Ğ½-Ñƒ2Ğ¿,ĞœĞ°ĞºÑ Ñ‚Ñ‹ Ğ§ĞĞ Ğ¢,2025-04-22T13:01:44Z,1
6uNgUiFWHrQ,@RomalNie,I spent 10 seconds watching a 155 million view video about a guy who wanted to be a DOG,2025-04-22T12:30:36Z,4
6uNgUiFWHrQ,@BornToRidex,ZeÅ¼ryj gÃ³wno jak prawdziwy pies byle wyÅ›wietlenia siÄ™ zgadzaÅ‚y.,2025-04-22T11:44:56Z,0
6uNgUiFWHrQ,@MsSuraiya-q6v,â¤â¤â¤â¤,2025-04-22T11:26:14Z,0
6uNgUiFWHrQ,@giuseppadangelo3067,Sietestuqibi,2025-04-22T11:07:47Z,0
6uNgUiFWHrQ,@BaxtiyarQoylibayev,ğŸ˜‚ğŸ˜‚ğŸ˜‚ğŸ˜‚ğŸ˜¢ğŸ˜¢ğŸ˜¢ğŸ˜¢ğŸ˜¢ğŸ˜®ğŸ˜®ğŸ˜®ğŸ˜…ğŸ˜…ğŸ˜…ğŸ˜…ğŸ˜…ğŸ˜…ğŸ˜…ğŸ˜‚ğŸ˜‚ğŸ˜¢ğŸ˜¢,2025-04-22T10:08:19Z,0
6uNgUiFWHrQ,@Salmon-e5f,ğŸ˜…ğŸ˜‚ğŸ˜‚ğŸ˜‚ğŸ˜‚ğŸ˜‚ğŸ˜‚ğŸ˜‚ğŸ˜‚ğŸ˜‚ğŸ˜‚ğŸ‰,2025-04-22T08:04:35Z,0
6uNgUiFWHrQ,@MdRana-r5s7g,"ğŸ˜‚ğŸ˜‚ğŸ˜‚,,,,",2025-04-22T07:49:36Z,0
6uNgUiFWHrQ,@NhikoNatavio-up4xg,hahaha nahh,2025-04-22T07:04:32Z,0
6uNgUiFWHrQ,@hkdiwanaoffical,Nice ğŸ‰ğŸ‰ğŸ‰,2025-04-22T06:37:35Z,0
6uNgUiFWHrQ,@SandipBhujel11,"<a href=""https://youtube.com/@sandipbhujel11?si=dNFtYbSPoXjM5w6I"">https://youtube.com/@sandipbhujel11?si=dNFtYbSPoXjM5w6I</a>",2025-04-22T05:11:38Z,0
6uNgUiFWHrQ,@DDMobile-w7f,ğŸ˜‚fc,2025-04-22T04:30:42Z,0
6uNgUiFWHrQ,@hanaaalenez1764,ğŸ˜‚ğŸ‘ğŸ»good,2025-04-22T03:44:22Z,1
6uNgUiFWHrQ,@Lucas-b5m6i,ğŸ’€ğŸ’€ğŸ’€ğŸ’€,2025-04-22T02:54:26Z,0
6uNgUiFWHrQ,@SuriyaOnkaew,ğŸ˜¢,2025-04-22T02:44:13Z,0
6uNgUiFWHrQ,@HienLe-r3m,ğŸ˜‚ğŸ˜‚ğŸ˜‚ğŸ˜‚ğŸ˜‚,2025-04-21T23:32:56Z,0
6uNgUiFWHrQ,@julieperez3719,ğŸ˜‚ğŸ˜‚ğŸ˜‚ğŸ˜‚ to funny for me ğŸ˜‚ğŸ˜‚ğŸ˜‚,2025-04-21T23:25:02Z,6
6uNgUiFWHrQ,@YfoleneAneus-v2q,ğŸ˜‚ğŸ˜‚ğŸ˜‚ğŸ˜‚ğŸ˜‚ğŸ˜‚ğŸ˜‚,2025-04-21T23:18:42Z,0
6uNgUiFWHrQ,@rominabrioneshernandez,Ni?ğŸ§â¤,2025-04-21T22:48:33Z,0
6uNgUiFWHrQ,@rominabrioneshernandez,â¤â¤â¤â¤â¤â¤,2025-04-21T22:48:21Z,0
6uNgUiFWHrQ,@ElfilahiMalak,BruhğŸ˜‚,2025-04-21T22:40:13Z,0
6uNgUiFWHrQ,@Doloressorto-lj7fc,Mâ¤,2025-04-21T22:01:17Z,0
6uNgUiFWHrQ,@FranciscoTorres-tg1hb,ğŸ‰ğŸ˜‚,2025-04-21T21:59:41Z,0
6uNgUiFWHrQ,@diannehernandez7997,ğŸ˜‚ğŸ˜‚,2025-04-21T21:49:07Z,0
6uNgUiFWHrQ,@Daiana.fierro,ğŸ˜‚ğŸ˜‚ğŸ˜‚ğŸ˜‚ğŸ˜‚ğŸ˜‚ğŸ˜‚ğŸ˜ŠğŸ˜ŠğŸ˜ŠğŸ˜Š,2025-04-21T21:15:33Z,0
6uNgUiFWHrQ,@Daiana.fierro,ğŸ˜‚ğŸ˜‚ğŸ˜‚ğŸ˜‚ğŸ˜‚ğŸ˜‚ğŸ˜‚ğŸ˜ŠğŸ˜ŠğŸ˜ŠğŸ˜Š,2025-04-21T21:15:24Z,0
6uNgUiFWHrQ,@GiadaMahmoud-v3l,ğŸ˜‚,2025-04-21T21:08:27Z,0
6uNgUiFWHrQ,@maymohammed7994,this is doing it like thisğŸ˜‚,2025-04-21T21:08:20Z,4
6uNgUiFWHrQ,@AlexaHernandez-r1o,Jajajajajaj â°â°â°â°ğŸ˜˜ğŸ˜‡ğŸ˜´ğŸ˜´ğŸ˜´ğŸ˜´ğŸ˜´ğŸ¤ªğŸ˜ğŸ¤­(^ãƒ¼^)(^ãƒ¼^)(^ãƒ¼^)d=(^o^)=bğŸ˜Š,2025-04-21T20:51:31Z,0
6uNgUiFWHrQ,@Ù…ÙƒÙ‡Ø­Ù…Ø§Ø¯Ù‡,Ù…ğŸ˜‚,2025-04-21T20:23:52Z,0
6uNgUiFWHrQ,@yolandallatassantacruz9515,H ğŸ˜¢,2025-04-21T20:20:12Z,0
6uNgUiFWHrQ,@zoelaban6872,The fuck,2025-04-21T19:53:00Z,0
6uNgUiFWHrQ,@yeniferroblero5388,Furry be like,2025-04-21T19:43:38Z,1
6uNgUiFWHrQ,@FrancisFox-x4z,HeyğŸ˜¡,2025-04-21T19:40:57Z,0
6uNgUiFWHrQ,@npking44,Scam,2025-04-21T19:40:19Z,0
6uNgUiFWHrQ,@Ø§ÙŠÙ…Ù†ÙƒØ±ÙŠ,Ù‡Ù‡Ù‡Ù‡Ù‡Ù‡Ù‡Ù‡Ù‡Ù‡Ù‡,2025-04-21T19:34:57Z,0
6uNgUiFWHrQ,@Ù…ÙŠÙ„Ø§Ø§Ø­Ù…Ø¯Ø§Ù„Ù…Ø§Ø³,Ù„ÙŠØ´ Ù‡Ú†ÙŠ Ø¬Ø§ÙŠ Ø§Ø³ÙˆÙŠ ÙÙŠ Ù†ÙØ³Ùƒ ØªØ­ÙˆÙ„Øª Ú†Ù„Ø¨ Ø¹Ù„Ù‰ Ù…ÙˆØ§Ø¯ Ù„Ø§ÙŠÙƒ ØµØ¯Ùƒ Ú†Ø°Ø¨ ÙˆÙŠÙ† Ø§Ù„Ø«Ù‚Ø§ÙØ© Ø§Ùˆ ÙˆÙŠÙ† Ø§Ù„Ù‡Ø¯Ù Ø¨Ù„ Ù…ÙˆØ¶ÙˆØ¹ Ù…Ø¬Ø±Ø¯ Ø¶Ø­ÙƒØª Ø§Ù„Ù†Ø§Ø³ Ø¹Ù„ÙŠÙƒ,2025-04-21T19:31:34Z,0
6uNgUiFWHrQ,@xanxan2413,ğŸ¤£ğŸ¤£ğŸ¤£ğŸ¤£ğŸ¤£ğŸ¤£,2025-04-21T19:07:56Z,0
6uNgUiFWHrQ,@IlyasAmeurlaine,And he says he is a men,2025-04-21T18:56:09Z,0
6uNgUiFWHrQ,@MDHabib8080z,"I saw it, of course I was surprised. ğŸ˜Š",2025-04-21T18:54:39Z,2
6uNgUiFWHrQ,@Ğ˜Ñ€Ğ¸Ğ½Ğ°ĞœĞµĞ»ÑŒĞ½Ğ¸Ğº-Ğµ3Ğ¹,ğŸ˜‚ğŸ‰ğŸ˜‚ğŸ˜‚ğŸ˜‚ğŸ˜‚ğŸ˜‚ğŸ˜‚ğŸ˜‚ğŸ˜‚ğŸ˜‚ğŸ˜‚ğŸ˜‚ğŸ˜‚ğŸ˜‚ğŸ˜‚ğŸ˜‚ğŸ˜‚ğŸ˜‚ğŸ˜‚ğŸ˜‚ğŸ˜‚ğŸ˜‚â¤â¤ğŸ˜‚ğŸ˜‚ğŸ˜‚ğŸ˜‚ğŸ˜‚ğŸ˜‚ğŸ˜‚ğŸ˜‚ğŸ˜‚ğŸ˜‚ğŸ˜‚ğŸ˜‚ğŸ˜‚ğŸ˜‚ğŸ˜‚ğŸ˜‚ğŸ˜‚ğŸ˜‚ğŸ˜‚ğŸ˜‚ğŸ˜‚ğŸ‰ğŸ˜‚ğŸ˜‚ğŸ˜‚ğŸ˜‚ğŸ˜‚ğŸ‰ğŸ˜‚ğŸ‰ğŸ‰ğŸ‰ğŸ˜‚ğŸ‰ğŸ‰ğŸ˜‚ğŸ‰ğŸ˜‚ğŸ˜‚ğŸ˜‚ğŸ˜‚ğŸ˜‚ğŸ˜‚ğŸ‰ğŸ˜‚Ğ²Ñ–Ñ‚Ğ°Ñ Ñ‚ĞµĞ±ĞµÑğŸ˜‚ğŸ˜‚ğŸ˜‚ğŸ˜‚ğŸ˜‚ğŸ˜‚ğŸ˜‚ğŸ˜‚ğŸ˜‚ğŸ˜‚ğŸ˜‚ğŸ˜‚ğŸ˜‚ğŸ‰ğŸ‰ğŸ˜‚ğŸ˜‚ğŸ˜‚ğŸ‰ğŸ‰ğŸ‰ğŸ˜‚ğŸ˜‚ğŸ˜‚ğŸ‰ğŸ‰ğŸ‰ğŸ˜‚â¤â¤â¤ğŸ˜‚ğŸ‰ğŸ‰ğŸ‰ğŸ˜‚â¤ğŸ˜‚ğŸ˜‚ğŸ˜‚ğŸ˜‚ğŸ˜‚ğŸ˜‚ğŸ˜‚ğŸ˜‚ğŸ˜‚ğŸ˜‚ğŸ˜‚ğŸ˜‚ğŸ˜‚ğŸ˜‚ğŸ˜‚ğŸ˜‚ğŸ˜‚ğŸ˜‚ğŸ˜‚ğŸ˜‚â¤ğŸ˜‚ğŸ˜‚â¤â¤ğŸ˜‚ğŸ˜‚ğŸ˜‚ğŸ‰ğŸ‰ğŸ‰ğŸ˜‚ğŸ˜‚ğŸ˜‚ğŸ‰ğŸ‰ğŸ˜‚ğŸ˜‚ğŸ‰ğŸ‰,2025-04-21T18:51:52Z,0
6uNgUiFWHrQ,@JavielisLopez-dv5re,Q videos tan ridiculos q me salen ğŸ˜‚ğŸ˜‚,2025-04-21T17:59:51Z,0
6uNgUiFWHrQ,@LinaYeÅŸilkaya,ğŸ˜Š,2025-04-21T17:57:45Z,0
6uNgUiFWHrQ,@MartinArrieta-y2m,ğŸ˜¢,2025-04-21T17:28:00Z,0
6uNgUiFWHrQ,@inesissa7352,ğŸ˜‚ğŸ‰ğŸ˜¢ğŸ˜®ğŸ˜…ğŸ˜Š,2025-04-21T17:27:42Z,0
6uNgUiFWHrQ,@ĞĞ¼Ğ°Ğ½Ğ³ĞµĞ»ÑŒĞ´Ñ‹ĞšĞµĞ½Ğ¶Ğ¸Ğ½-Ñ‡8Ğ¾,ğŸ˜‚ğŸ˜‚ğŸ˜‚ğŸ˜‚,2025-04-21T17:27:32Z,0
6uNgUiFWHrQ,@PriscaNjang,ğŸœ will FYI right leg to join,2025-04-21T17:18:36Z,0
6uNgUiFWHrQ,@piotrsajaka7384,â¤ğŸ˜‚â¤ğŸ˜‚â¤ğŸ˜‚â¤ğŸ˜‚ğŸ˜ŠğŸ˜ŠğŸ˜ŠğŸ˜ŠğŸ˜ŠğŸ˜ŠğŸ˜ŠğŸ˜Š1000000000,2025-04-21T17:18:00Z,0
6uNgUiFWHrQ,@nilufar708,ğŸ˜‚ğŸ˜‚ğŸ˜‚ğŸ˜‚ğŸ˜‚ğŸ˜‚ğŸ˜‚ğŸ˜‚ğŸ˜‚ğŸ¤£ğŸ¤£ğŸ¤£ğŸ¤£ğŸ¤£ğŸ¤£ğŸ¤£ğŸ¤£ğŸ¤£ğŸ¤£ğŸ¤£ğŸ¤£,2025-04-21T16:24:27Z,0
6uNgUiFWHrQ,@hb7874,ğŸ‰ğŸ‰ğŸ‰â¤â¤ğŸ˜‚ğŸ˜‚,2025-04-21T16:19:07Z,0
6uNgUiFWHrQ,@SadiqKhokhar-z4v,PagalğŸ˜ğŸ˜,2025-04-21T16:15:28Z,0
6uNgUiFWHrQ,@luanaguerra8993,Oooommmmmaaaaaggggggggaaaaaaaaadddddddss,2025-04-21T16:10:50Z,0
6uNgUiFWHrQ,@hendazzam88,Gou gh Iâ€™d do,2025-04-21T16:00:25Z,0
6uNgUiFWHrQ,@usamamarkiko8360,YouTube quelle game ca Google mets la tableÃ  John nowzoom arriÃ¨re ascots hi t&#39;Ã©pouserminecraft me Skyrock laque juillet Ohio,2025-04-21T15:51:50Z,0
6uNgUiFWHrQ,@Elmagaleonelma,Happy puppy dogs tongue out water sight ğŸ˜€ğŸ˜,2025-04-21T15:00:07Z,0
_OI9tkAVZco,@papeliepapelariapersonaliz273,ğŸ˜‚ğŸ˜‚ğŸ˜‚ğŸ˜‚ğŸ˜‚,2025-04-24T18:56:33Z,0
_OI9tkAVZco,@fidelisrita4126,Cb,2025-04-24T18:53:43Z,0
_OI9tkAVZco,@saraielizur2861,Tralalero Tralala,2025-04-24T18:53:05Z,0
_OI9tkAVZco,@Trending786Shorts,â¤ only 14 subscriber respectable all,2025-04-24T18:50:59Z,0
_OI9tkAVZco,@Trending786Shorts,Good ğŸ‘ğŸ‘ğŸ‘,2025-04-24T18:48:18Z,0
_OI9tkAVZco,@larissamonteiro7912,Oi,2025-04-24T18:47:26Z,0
_OI9tkAVZco,@Volodyawz,Binance NFT Collection: Step by Step,2025-04-24T18:41:56Z,0
_OI9tkAVZco,@calogerovitello2622,ğŸ¤¯ğŸ”¥ğŸ”¥ğŸ”¥ğŸ”¥,2025-04-24T18:16:52Z,0
_OI9tkAVZco,@AveshKumar-m8b9q,"<a href=""https://youtube.com/@aveshkumar-m8b9q?si=T03L-ynQeZD9UfwP?sub_confirmation=1"">https://youtube.com/@aveshkumar-m8b9q?si=T03L-ynQeZD9UfwP?sub_confirmation=1</a><br>Free ai videos",2025-04-24T17:58:09Z,0
_OI9tkAVZco,@ĞœĞ¸Ñ€Ğ°ÑĞœĞ°Ñ€Ğ°Ñ‚-Ğ»5Ñ,ğŸ˜‚ğŸ˜‚ğŸ˜‚ğŸ˜‚ğŸ˜‚ğŸ˜‚ğŸ˜‚ğŸ˜‚ğŸ˜‚ğŸ˜‚ğŸ˜‚ğŸ˜‚ğŸ˜‚ğŸ˜‚ğŸ˜‚ğŸ˜‚ğŸ˜‚ğŸ˜‚ğŸ˜‚ğŸ˜‚ğŸ˜‚ğŸ˜‚ğŸ˜‚ğŸ˜‚ğŸ˜‚ğŸ˜‚ğŸ˜‚ğŸ˜‚ğŸ˜‚ğŸ˜‚ğŸ˜‚ğŸ˜‚ğŸ˜‚ğŸ˜‚,2025-04-24T17:53:09Z,0
_OI9tkAVZco,@ĞĞ¼Ğ¸Ñ€Ğ¤Ñ‹Ñ€Ñ„Ñ‹Ñ€,Ğ›ÑĞ±Ğ»Ñ bombardino ĞºÑ€Ğ¾ĞºĞ¾Ğ´Ğ¸Ğ»Ğ¾,2025-04-24T17:51:44Z,0
_OI9tkAVZco,@EmineMusa-p4j,ğŸ¤®ğŸ‘¿ğŸ‘â›”ï¸,2025-04-24T17:31:27Z,0
_OI9tkAVZco,@LilyMahmoudSobhy,ğŸ˜‚ğŸ˜‚,2025-04-24T17:30:22Z,0
_OI9tkAVZco,@HassanOmar-cm4lm,ğŸ¤¯ğŸ¤¯ğŸ¤¯ğŸ¤¯ğŸ¤¯ğŸ¤¯ğŸ¤¯ğŸ¤¯ğŸ¤¯ğŸ˜•ğŸ¤¯ğŸ˜•ğŸ˜•ğŸ˜•ğŸ¤¯ğŸ¤¯ğŸ¤¯ğŸ¤¯ğŸ¤¯ğŸ¤¯ğŸ¤¯ğŸ¤¯ğŸ¤¯ğŸ¤¯ğŸŒªï¸ğŸŒªï¸ğŸŒªï¸ğŸŒ¦ï¸ğŸŒ¦ï¸ğŸŒ¦ï¸ğŸŒ¦ï¸ğŸŒ¦ï¸ğŸŒ¦ï¸,2025-04-24T17:23:29Z,0
_OI9tkAVZco,@AlmaRamos-n7b,ğŸ˜®ğŸ˜®ğŸ˜®ğŸ˜®ğŸ˜®ğŸ˜®,2025-04-24T16:54:58Z,0
_OI9tkAVZco,@witfgamings6267,@PGCASH88VIP					<br>à¸§à¸±à¸™à¸™à¸µà¹‰à¹‚à¸Šà¸„à¸­à¸¢à¸¹à¹ˆà¸à¸±à¹ˆà¸‡à¹€à¸£à¸²à¸—à¸µà¹ˆ PGCASH88 ğŸ€,2025-04-24T16:51:37Z,0
_OI9tkAVZco,@witfgamings6267,@PGCASH88VIP					<br>à¹„à¸¡à¹ˆà¸¥à¸­à¸‡à¹„à¸¡à¹ˆà¹„à¸”à¹‰à¹à¸¥à¹‰à¸§à¸­à¸° PGCASH88 à¸¡à¸±à¸™à¸”à¸µà¸ˆà¸£à¸´à¸‡!,2025-04-24T16:51:17Z,0
_OI9tkAVZco,@AbdulKadir-x8r,Excellent videoâ¤,2025-04-24T16:48:52Z,1
_OI9tkAVZco,@hashim831,Halt&#39;s Maul du Strafen was sagt man nicht,2025-04-24T16:42:46Z,0
_OI9tkAVZco,@FreyaAuroraa,My mind is blown ğŸ¤¯ğŸ’¥I need to learn how to do this! ğŸ™ŒğŸ’¡,2025-04-24T16:38:58Z,23
_OI9tkAVZco,@Ø¹Ø¨Ø§Ø³Ø­Ø¨ÙŠØ¨-Øª3Ø¨,ABAS,2025-04-24T16:28:48Z,0
_OI9tkAVZco,@Ø¬Ø§Ø³Ù…Ù…Ø­Ù…Ø¯-Ùƒ5Ù„8Ø¬,ğŸ˜…ğŸ˜…ğŸ˜…,2025-04-24T16:27:23Z,1
_OI9tkAVZco,@aliceokeyo707,Bombardino cocordilo <br>Tung tung tung tung tung sahur<br>Tralalero tralala<br>Brr brr patapim<br>Ballerina cupochina,2025-04-24T16:26:48Z,0
_OI9tkAVZco,@hsinthtay793,ğŸ˜‚ğŸ˜‚ğŸ˜‚á€Ÿá€Ÿá€Ÿá€Ÿ,2025-04-24T16:12:44Z,0
_OI9tkAVZco,@EduardoCorzo-h6p,TEAMOâ¤ğŸ˜‚ğŸ˜…ğŸ˜‚,2025-04-24T16:04:58Z,0
_OI9tkAVZco,@HindustanTimber,Food hacks ğŸ’€<br><br>Song ğŸ’€,2025-04-24T15:59:19Z,0
_OI9tkAVZco,@tugrakuscu3095,Ben de.     Biliyorum.   Lan,2025-04-24T15:54:13Z,0
_OI9tkAVZco,@MuhammedFatih-c1w,Tuntun  sahur,2025-04-24T15:53:22Z,0
_OI9tkAVZco,@MuhammedFatih-c1w,TIR&#39;larla tÄ±la,2025-04-24T15:53:01Z,0
_OI9tkAVZco,@Ø­Ø¨ÙŠØ¨Ø©ÙˆÙ„ÙŠØ¯-Ø¹6Ø¨,â¤â¤,2025-04-24T15:51:13Z,0
_OI9tkAVZco,@MelissaChaguay-h5s,QuÃ© significa eso porque eso es malversaciÃ³n ğŸª–ğŸ“,2025-04-24T15:47:06Z,0
_OI9tkAVZco,@ServeteGocaj,ğŸ˜®ğŸ˜®,2025-04-24T15:22:28Z,0
_OI9tkAVZco,@ServeteGocaj,ğŸ˜®ğŸ˜®ğŸ˜®ğŸ˜®ğŸ˜®ğŸ˜®ğŸ˜®ğŸ˜®ğŸ˜®ğŸ˜®ğŸ˜®â¤,2025-04-24T15:21:59Z,0
_OI9tkAVZco,@ShabazmoghalShabazmoghal,Wow ğŸ‰,2025-04-24T15:20:42Z,0
_OI9tkAVZco,@FikretAzizov,ğŸ˜‚ğŸ˜‚ğŸ˜‚â¤â¤â¤,2025-04-24T15:19:50Z,0
_OI9tkAVZco,@FikretAzizov,ğŸ˜‚ğŸ˜‚ğŸ˜‚ğŸ˜‚ğŸ˜‚ğŸ˜‚ğŸ˜‚ğŸ˜‚â¤â¤â¤â¤â¤,2025-04-24T15:17:30Z,0
_OI9tkAVZco,@verikozamtarashvili9810,ğŸ˜®ğŸ˜®ğŸ˜®,2025-04-24T15:17:00Z,0
_OI9tkAVZco,@Ø­Ø³Ù†Ø§Ø­Ù…Ø¯ÙŠØ©-Ø¬6Ø°,ğŸ˜®ğŸ˜®ğŸ˜®ğŸ˜®ğŸ˜®ğŸ˜®,2025-04-24T15:05:38Z,0
_OI9tkAVZco,@ĞœĞ°Ñ€Ğ¸ÑĞĞ°ÑƒĞ¼Ğ¾Ğ²Ğ°-Ğ¸5Ñ€,Ğ¯ Ğ²Ğ»ÑĞ±Ğ¸Ğ»Ğ°ÑÑŒ Ğ² Ğ·Ğ²ÑƒĞº Ğ½Ğ¾ Ñ Ğ·Ğ½Ğ°Ñ Ğ¿Ğ¸Ñ€Ğ¸Ğ²Ğ¾Ğ´,2025-04-24T14:58:49Z,0
_OI9tkAVZco,@CRAZYMIND143-m4h,Thank for 48 subscriber ğŸ‰ğŸ‰ğŸ‰ğŸ‰,2025-04-24T14:52:01Z,0
_OI9tkAVZco,@à¦†à¦•à¦¾à¦¶à¦¬à¦°à¦¾à¦­à¦¾à¦²à§‹à¦¬à¦¾à¦¸à¦¾,ğŸ˜®ğŸ˜®ğŸ˜®ğŸ˜®ğŸ˜®ğŸ˜®ğŸ˜®ğŸ˜®ğŸ˜®ğŸ˜ŠğŸ˜ŠğŸ˜ŠğŸ˜Š,2025-04-24T14:43:27Z,0
_OI9tkAVZco,@à¸™à¹‰à¹à¸²à¸à¸™à¸à¸´à¸Šà¸±à¸¢à¸„à¹à¸²,ğŸ˜ğŸ˜ğŸ˜ğŸ˜ğŸ˜ğŸ˜ğŸ˜ğŸ˜ğŸ˜ğŸ˜‘ğŸ˜‘ğŸ˜‘ğŸ˜‘ğŸ˜,2025-04-24T14:42:01Z,0
_OI9tkAVZco,@diegopenaflor4367,ğŸŠğŸŠğŸŠğŸŠğŸŠğŸŠğŸ¦ˆğŸ¦ˆğŸ¦ˆğŸ¦ˆğŸ¦ˆğŸ¦ˆğŸ¦ˆğŸ¦ˆğŸ¦ˆ,2025-04-24T14:31:19Z,0
_OI9tkAVZco,@4bifamily,Ide kreatif,2025-04-24T14:29:00Z,0
_OI9tkAVZco,@kungkung-b5j,ğŸ‰,2025-04-24T14:04:33Z,0
_OI9tkAVZco,@adanurmihaela-roxana7779,à¦®à§‹à§° à¦®à¦¨ à¦¨à¦¾à¦¯à¦¾à¦¯à¦¼,2025-04-24T13:59:29Z,0
_OI9tkAVZco,@ĞĞ½Ğ½Ğ°ĞšĞ°Ğ»Ğ¼Ñ‹ĞºĞ¾Ğ²Ğ°-Ğ½9Ñƒ,â¤â¤â¤ğŸ˜ŠğŸ˜ŠğŸ˜ŠğŸ˜®ğŸ˜®ğŸ‰ğŸ‰ğŸ˜ŠğŸ˜Š,2025-04-24T13:53:18Z,0
_OI9tkAVZco,@MatejAcevski-y8q,ğŸ˜‚ğŸ˜‚ğŸ˜‚,2025-04-24T13:39:25Z,0
_OI9tkAVZco,@ĞœĞ°Ñ‚Ğ²ĞµĞ¹-Ñƒ3Ğ¼8Ğ²,What&#39;s the name of the song?,2025-04-24T13:38:54Z,1
_OI9tkAVZco,@vanildamariasantos9482,ğŸ˜…TAYSE. 6ğŸ˜‚,2025-04-24T13:29:35Z,0
_OI9tkAVZco,@gergelyszimona8960,â¤,2025-04-24T13:25:36Z,0
_OI9tkAVZco,@FeDuran-e2x,Bro stop,2025-04-24T13:16:23Z,0
_OI9tkAVZco,@Anahit-v8v,ğŸ‰ğŸ‰ğŸ˜‚â¤ğŸ˜®ğŸ˜…ğŸ˜¢ğŸŠğŸŠğŸ‡¦ğŸ‡²ğŸ‡¦ğŸ‡²,2025-04-24T13:01:30Z,0
_OI9tkAVZco,@RosaDiazalvarado,wowğŸ˜®,2025-04-24T12:48:36Z,0
_OI9tkAVZco,@Mami-xo7xm,NOOOOO!!!!!!!!,2025-04-24T12:36:11Z,0
_OI9tkAVZco,@Ğ’Ğ°ÑĞµĞ»Ğ¸ÑĞ°Ğ˜Ğ²Ğ°Ğ½Ğ¾Ğ²Ğ°-Ğ¸2Ñ‡,????,2025-04-24T12:35:23Z,0
_OI9tkAVZco,@Ğ’Ğ°ÑĞµĞ»Ğ¸ÑĞ°Ğ˜Ğ²Ğ°Ğ½Ğ¾Ğ²Ğ°-Ğ¸2Ñ‡,ğŸ˜±ğŸ˜±ğŸ˜±ğŸ˜±,2025-04-24T12:35:15Z,0
_OI9tkAVZco,@anoodz5045,<b><i><del>Ù‡Ù‡Ù‡Ù‡Ù‡Ù‡</del></i></b>,2025-04-24T12:22:57Z,0
_OI9tkAVZco,@ĞœĞ°Ñ€Ñ‚Ğ¸Ğ½Ğ™Ğ¾Ñ‡ĞµĞ²,Ğ˜,2025-04-24T12:09:58Z,0
_OI9tkAVZco,@AmetHernandez,Bonbardido crocodilo,2025-04-24T12:03:53Z,0
_OI9tkAVZco,@Sulnainidila,ğŸ˜…,2025-04-24T11:58:48Z,0
_OI9tkAVZco,@NakaNaka-n2l,"ğŸ˜‚ğŸ‰ÑÑÑÑÑÑĞ¹. ĞšĞĞšğŸ˜…,ğŸ¤¦ğŸ»â€â™€ï¸ğŸ¤ŒğŸ¤ŒğŸ˜‚",2025-04-24T11:55:59Z,0
_OI9tkAVZco,@FcFc-jn8yo,à¸„à¹ˆà¸°,2025-04-24T11:36:12Z,0
_OI9tkAVZco,@FcFc-jn8yo,à¸—à¸µà¹ˆà¸ˆà¸£à¸´à¸‡à¸¡à¸±à¸™à¸—à¸³à¸­à¸µà¸à¹à¸šà¸š,2025-04-24T11:36:08Z,0
_OI9tkAVZco,@LongTruong-n1c,áº¢o thuáº­t Ä‘áº¥y,2025-04-24T11:28:57Z,0
_OI9tkAVZco,@MaiteBrantes,Maite,2025-04-24T10:53:21Z,0
_OI9tkAVZco,@MaiteBrantes,Maiteâ¤â¤â¤ğŸ˜®ğŸ˜‚ğŸ˜®â¤ğŸ˜¢,2025-04-24T10:52:37Z,0
_OI9tkAVZco,@ShahzuanSuhairy-z5c,100k,2025-04-24T10:36:43Z,0
_OI9tkAVZco,@denzelryanlogronio3586,ğŸŠ,2025-04-24T10:30:33Z,0
_OI9tkAVZco,@Mixed.com5,ğŸ˜…ğŸ˜…ğŸ˜…,2025-04-24T10:11:21Z,0
_OI9tkAVZco,@AlisherJavliyev-t1m,Zo&#39;rğŸ˜®ğŸ˜®ğŸ˜®ğŸ˜®ğŸ˜®ğŸ˜®,2025-04-24T10:08:47Z,0
_OI9tkAVZco,@umaungthein-k4g,á€¡á€•á€¼á€«á€›á€…á€ºá€”á€â€‹á€¼,2025-04-24T09:38:12Z,0
_OI9tkAVZco,@AminYuyung,TumTumsah,2025-04-24T09:25:26Z,0
_OI9tkAVZco,@BinkiRaseipone,ğŸ˜‚ğŸ˜‚ğŸ˜‚ğŸ˜‚ğŸ˜‚ğŸ˜‚ğŸ˜‚ğŸ˜‚ğŸ˜‚ğŸ˜‚ğŸ˜‚ğŸ˜‚ğŸ˜‚ğŸ˜‚ğŸ˜‚ğŸ˜‚ğŸ˜‚ğŸ˜‚ğŸ˜‚ğŸ˜‚ğŸ˜‚ğŸ˜‚ğŸ˜‚ğŸ˜‚ğŸ˜‚ğŸ˜‚ğŸ˜‚ğŸ˜‚ğŸ˜‚ğŸ˜‚ğŸ˜‚ğŸ˜‚ğŸ˜‚ğŸ˜‚ğŸ˜‚ğŸ˜‚ğŸ˜‚ğŸ˜‚ğŸ˜‚ğŸ˜‚ğŸ˜‚ğŸ˜‚ğŸ˜‚ğŸ˜‚ğŸ˜‚ğŸ˜‚ğŸ˜‚ğŸ˜‚ğŸ˜‚ğŸ˜‚ğŸ˜‚ğŸ˜‚ğŸ˜‚ğŸ˜‚ğŸ˜‚ğŸ˜‚ğŸ˜‚ğŸ˜‚ğŸ˜‚ğŸ˜‚ğŸ˜‚ğŸ˜‚ğŸ˜‚ğŸ˜‚ğŸ˜‚ğŸ˜‚ğŸ˜‚ğŸ˜‚ğŸ˜‚ğŸ˜‚ğŸ˜‚ğŸ˜‚ğŸ˜‚ğŸ˜‚ğŸ˜‚ğŸ˜‚ğŸ˜‚ğŸ˜‚ğŸ˜‚ğŸ˜‚ğŸ˜‚ğŸ˜‚ğŸ˜‚ğŸ˜‚ğŸ˜…ğŸ˜…ğŸ˜…ğŸ˜…ğŸ˜…ğŸ˜…ğŸ˜…ğŸ˜…ğŸ˜…,2025-04-24T09:22:47Z,0
_OI9tkAVZco,@MargheritaRoccia-w4z,Non si dice mangia mort va merdun,2025-04-24T09:15:55Z,0
_OI9tkAVZco,@KelvisCampos-e5n,Chicos se lo creyÃ³ quÃ© tonto me da mucha risağŸ˜‚ğŸ˜‚ğŸ˜‚ğŸ˜‚ğŸ˜‚ğŸ˜‚ğŸ˜‚ğŸ˜‚ğŸ˜‚ğŸ˜‚ğŸ˜‚ğŸ˜‚ğŸ˜‚ğŸ˜‚ğŸ˜‚ğŸ˜‚ğŸ˜‚ğŸ˜‚ğŸ˜‚ğŸ˜‚ğŸ˜‚ğŸ˜‚ğŸ˜‚ğŸ˜‚ğŸ˜‚,2025-04-24T09:10:35Z,2
_OI9tkAVZco,@Ø§ÙŠÙ‡Ø§Ù†Ø­Ù…Ø¯ÙˆØ´,ğŸ˜‚ğŸ˜‚ğŸ˜‚ğŸ˜‚ğŸ˜‚,2025-04-24T08:48:17Z,0
_OI9tkAVZco,@VusalKerimov-s7o,BidÉ™ fÉ™ mÉ™ bunu elÉ™liÅŸÉ™m.,2025-04-24T08:44:19Z,0
_OI9tkAVZco,@SreyOunoppo,â¤,2025-04-24T08:42:02Z,1
_OI9tkAVZco,@SangLe-yk2ww,Watch next vÃ  cÃ¡c má»‘i quan há»‡ tÃ¬nh dá»¥c cá»§a mÃ¬nh vÃ  táº¿t dÆ°Æ¡ng lá»‹ch cáº£ lá»›p Ä‘á»c tháº§m Ä‘oáº¡n Ä‘i biá»ƒn hay nháº¥t nÄƒm ngá»±a cá»§a Phan vÃ  táº¿t ğŸ¥° cÃ³ r,2025-04-24T08:35:06Z,0
_OI9tkAVZco,@ĞĞ»Ğ¸Ğ½Ğ°-Ñƒ3Ñ5Ñ‹,â¤â¤â¤â¤â¤ 9th mlğŸ˜¢,2025-04-24T08:34:12Z,0
_OI9tkAVZco,@pupudin2933,ğŸˆ¶ğŸˆºğŸˆ¸ğŸˆšğŸˆ¹ğŸˆ³ğŸ¤¯,2025-04-24T08:23:27Z,0
_OI9tkAVZco,@RestiiPutri,DnkskskekekkeekejekjejejennenenenenenennemenenejenenenenğŸ¤«ğŸ¤«ğŸ¤«ğŸ¤«ğŸ¤«ğŸ¤«ğŸ¤«ğŸ¤«ğŸ¤«ğŸ¤«ğŸ¤«ğŸ¤«ğŸ¤«ğŸ¤«ğŸ¤·ğŸ»â€â™€ï¸ğŸ¤·ğŸ»â€â™€ï¸ğŸ˜‰ğŸ¤­ğŸ¤­ğŸ¤­ğŸ¤­ğŸ¤­ğŸ¤­ğŸ˜ ğŸ§ğŸ˜‡ğŸ˜‡ğŸ˜™fjskkdndmndkdn,2025-04-24T08:07:57Z,0
_OI9tkAVZco,@lokalmanvlogger,Subscribe if you could do this!ğŸ‰,2025-04-24T08:07:01Z,0
_OI9tkAVZco,@Miri-k8j,ğŸ˜®ğŸ˜®ğŸ˜®ğŸ˜®ğŸ˜®ğŸ˜®ğŸ˜®ğŸ˜®ğŸ˜®ğŸ˜®ğŸ˜®ğŸ˜®ğŸ˜‚ğŸ˜‚ğŸ˜‚ğŸ˜‚ğŸ˜‚ğŸ˜‚ğŸ˜‚ğŸ˜‚ğŸ˜‚ğŸ˜‚ğŸ˜‚ğŸ˜‚ğŸ˜‚ğŸ˜‚ğŸ˜‚ğŸ˜‚ğŸ˜‚ğŸ˜‚ğŸ˜‚ğŸ˜‚ğŸ˜…ğŸ˜…ğŸ˜…ğŸ˜…ğŸ˜…ğŸ˜…ğŸ˜…ğŸ˜…ğŸ˜…ğŸ˜…ğŸ˜…ğŸ˜…ğŸ˜…,2025-04-24T07:45:14Z,0
_OI9tkAVZco,@abidinnaura6740,UN tv,2025-04-24T07:44:38Z,0
_OI9tkAVZco,@ChawYuMaw,He is boyfriend,2025-04-24T07:32:31Z,0
_OI9tkAVZco,@NurislamJorobekov-z3m,Nooo9ooooooooooob,2025-04-24T07:14:20Z,0
_OI9tkAVZco,@IvannaNuÃ±ez-c6d,Xd,2025-04-24T07:14:08Z,0
_OI9tkAVZco,@LabonyAkter-0571,Wow,2025-04-24T07:13:14Z,0
_OI9tkAVZco,@DinarHumaira-e4h,dodod,2025-04-24T06:40:19Z,0
_OI9tkAVZco,@alexdelapena9114,Tung is betterğŸ˜‚,2025-04-24T06:29:30Z,0
_OI9tkAVZco,@ÎšÏ‰Î½ÏƒÏ„Î±Î½Ï„Î¹Î½Î±ÎÏ„Î¿Î³ÎºÎ±,ğŸ´â€â˜ ï¸ğŸ§ŸğŸ¦¹ğŸ§‘â€ğŸ’»ğŸ‘©â€â¤ï¸â€ğŸ’‹â€ğŸ‘©ğŸ‘©â€â¤ï¸â€ğŸ‘©ğŸ‘¨â€â¤ï¸â€ğŸ’‹â€ğŸ‘¨ğŸ‘©â€â¤ï¸â€ğŸ‘¨ğŸ‘¨â€â¤ï¸â€ğŸ’‹â€ğŸ‘¨ğŸ¤°ğŸ‡°ğŸ‡·ğŸ‡¯ğŸ‡µğŸ‡²ğŸ‡¦ğŸ‡²ğŸ‡´ğŸ´ó §ó ¢ó ·ó ¬ó ³ó ¿ğŸ‡¾ğŸ‡¹,2025-04-24T06:27:27Z,0
_OI9tkAVZco,@à¸Šà¸´à¸Šà¸²-à¸•8à¸‰,à¸—à¸µà¹ˆà¸£à¸­à¸£,2025-04-24T06:25:23Z,0
_OI9tkAVZco,@BabyGhosh-w6m,ğŸ˜…ğŸ˜…ğŸ˜…ğŸ˜…ğŸ˜…ğŸ˜…ğŸ˜…,2025-04-24T06:15:49Z,0
_OI9tkAVZco,@fatehsinghsohal41rose22,Phonk bombardilo crocodio ğŸŠğŸ›©,2025-04-24T05:53:05Z,26
_OI9tkAVZco,@MAX-b1o7l,WOW,2025-04-24T05:28:14Z,0
_OI9tkAVZco,@PrinceJohnTyrellEspinosa,ğŸ˜‚ğŸ˜‚ğŸ˜‚ğŸ˜‚ğŸ˜‚ğŸ˜‚ğŸ˜‚ğŸ˜‚ğŸ˜‚ğŸ˜‚ğŸ˜‚ğŸ˜‚ğŸ˜‚ğŸ˜‚ğŸ˜‚ğŸ˜‚ğŸ˜‚ğŸ˜‚ğŸ˜‚ğŸ˜‚ğŸ˜‚ğŸ˜‚ğŸ˜‚ğŸ˜‚ğŸ˜‚ğŸ˜‚ğŸ˜‚ğŸ˜‚ğŸ˜‚ğŸ˜‚ğŸ˜‚,2025-04-24T05:21:21Z,0
_OI9tkAVZco,@YolandaMontez-x4p,Why brain rot-_-,2025-04-24T05:15:16Z,0
_OI9tkAVZco,@SitiRohima-u4h,2023,2025-04-24T05:12:52Z,0
MvTco4mwv-k,@thuyannguyenthi1644,ğŸ‰â¤ğŸ‰â¤ğŸ‰ğŸ‰â¤ğŸ‰â¤ğŸ‰â¤ğŸ‰â¤ğŸ‰â¤ğŸ‰ğŸ‰â¤ğŸ‰â¤ğŸ‰â¤ğŸ‰â¤ğŸ‰â¤ğŸ‰â¤ğŸ‰â¤ğŸ‰â¤,2025-04-24T16:37:55Z,0
MvTco4mwv-k,@4bifamily,Asik,2025-04-24T14:28:26Z,0
MvTco4mwv-k,@kimthanhtran6189,Tháº­t hayâ¤â¤â¤ğŸ‰ğŸ‰ğŸ‰ğŸ‰,2025-04-24T10:25:38Z,4
MvTco4mwv-k,@huyenht,ğŸ˜‚â¤â¤â¤,2025-04-24T09:25:49Z,5
MvTco4mwv-k,@khanhtranvan8331,â¤â¤â¤â¤ğŸ˜…ğŸ‰ğŸ‰ğŸ‰ğŸ‰ğŸ‰,2025-04-23T14:14:09Z,2
MvTco4mwv-k,@NhiBÃ¹i-m4z,â¤â¤â¤â¤â¤â¤â¤â¤ğŸ‰ğŸ‰ğŸ‰ğŸ‰ğŸ‰,2025-04-21T12:48:26Z,14
fbCO9LRUGu4,@BereniceRiveraflores,No digan eso insulta Ã¡ Dios ğŸ˜¢ğŸ˜¢ğŸ˜¢ğŸ˜¢ğŸ˜¢,2025-04-24T18:57:39Z,0
fbCO9LRUGu4,@catalinazuniga7021,Hola,2025-04-24T18:56:13Z,0
fbCO9LRUGu4,@Kfjfbfnbgbg,Ğ‘Ğ»Ğ»ÑÑ‚ÑŒ ÑÑ‚Ğ¾Ñ‚ Ğ¼Ğ¸Ñ€ ÑƒĞ¶Ğµ Ğ½Ğµ Ğ±ÑƒĞ´ĞµÑ‚ Ğ¿Ñ€ĞµĞ¶Ğ½Ğ¸Ğ¼,2025-04-24T18:56:02Z,0
fbCO9LRUGu4,@GringoRibeiro-j8j,ğŸ˜…ğŸ˜…ğŸ˜…ğŸ˜…ğŸ˜…ğŸ˜…â¤â¤â¤â¤â¤â¤â¤ğŸ˜®ğŸ˜®ğŸ˜®ğŸ˜¢,2025-04-24T18:55:57Z,0
fbCO9LRUGu4,@LinaSvensson-f6c,Wooooooooo.               .ok<br>Mamma,2025-04-24T18:55:53Z,0
fbCO9LRUGu4,@DarioSaldaÃ±o-k3n,TLA LA LE RO TRA LA LA,2025-04-24T18:54:42Z,0
fbCO9LRUGu4,@RandomFunderv17,Is that pg3d,2025-04-24T18:54:19Z,0
fbCO9LRUGu4,@YaserArab-y8m,this is haram,2025-04-24T18:54:16Z,0
fbCO9LRUGu4,@DIAMANTINAVIVES,en lo de porco dio insulta a dios en italiano,2025-04-24T18:54:14Z,0
fbCO9LRUGu4,@jeanvoltaire7386,ğŸ˜‚ğŸ˜‚ğŸ˜‚,2025-04-24T18:53:45Z,0
fbCO9LRUGu4,@OmarOcampo-g1t,Yo elijo alos originales me gusto la cacis bonbardiro crocodriloğŸ’¯,2025-04-24T18:53:26Z,0
fbCO9LRUGu4,@DIAMANTINAVIVES,dejen de hacer los videos de tralalero tralala insulta a dios en italiano,2025-04-24T18:53:21Z,0
fbCO9LRUGu4,@faboulouschristine2815,the realistick ones,2025-04-24T18:53:06Z,0
fbCO9LRUGu4,@esterbatista8728,VersÃ£o normal versÃ£o Minecraft Quem ganha,2025-04-24T18:52:59Z,0
fbCO9LRUGu4,@younessalaoui1325,Hopefully you have a good dayğŸ‰â¤,2025-04-24T18:52:43Z,0
fbCO9LRUGu4,@ruffyyt1390,Give me bleach,2025-04-24T18:52:42Z,0
fbCO9LRUGu4,@SirMbl-y1u,Ø§Ù†Øª ØªØ³Ø¨ Ø§Ù„Ù„Ù‡ ğŸ˜¢  Ù†Ø¬ÙŠ Ù…Ù„  Ù†ØºÙ†Ù‰ Ù†Ø¯Ø¨Ø­  ALAAh Ø§Ù„Ù„Ù‡ Ø§ÙƒØ¨Ø±,2025-04-24T18:52:19Z,1
fbCO9LRUGu4,@Bilalabi31-V2,"It&#39;s hugging sooo badly, sooooooo ...",2025-04-24T18:52:18Z,0
fbCO9LRUGu4,@DuduEj-m4n,"Forbidden, boy, dogsğŸ˜¢ğŸ˜¢ğŸ˜¢ğŸ˜¢",2025-04-24T18:51:37Z,0
fbCO9LRUGu4,@MilenaGutierrez-c4c,MeencantağŸ‰ğŸ‰â¤â¤,2025-04-24T18:50:26Z,0
fbCO9LRUGu4,@LEIDYSGASCON,â¤,2025-04-24T18:50:24Z,0
fbCO9LRUGu4,@AntoniaVillegas-q2d,Tralalero tralala es un insulto a DIOS,2025-04-24T18:49:55Z,0
fbCO9LRUGu4,@Ø¹Ù…Ø±Ø§Ù„Ø´Ø§Ù…Ù„ÙŠ-Øª7Ø¨,"Damn your mother&#39;s cold, whoever designed the video, if you translate the words into Italian, which one will come out as &quot;Allah the Almighty&quot;, like itğŸ˜ŠğŸ˜ŠğŸ˜ŠğŸ˜ŠğŸ˜ŠğŸ˜ŠğŸ˜Š",2025-04-24T18:49:38Z,0
fbCO9LRUGu4,@AlexRodriguez-yz5ig,Si no sabian  porco dio porco ala significa  maldito dios,2025-04-24T18:49:34Z,0
fbCO9LRUGu4,@DamiansotoGoreBoxOficial,Tralalelo tralalağŸ•ºğŸ—£ï¸ğŸ”¥<br>Por porcodioe porcodioe<br>Porcuala<br>Tra tralalelo tralalelo tralala <br>Por porcodioe porcodioe<br>Tralalero por cualağŸ—£ï¸ğŸ’¥ğŸ•º<br>Tralalero tralala,2025-04-24T18:49:15Z,0
fbCO9LRUGu4,@melaniemannoy6409,Ã‡a va oui,2025-04-24T18:48:27Z,0
fbCO9LRUGu4,@MrSolange86,â„™ğ•¦ğ•–ğ•£ğ•”ğ•  ğ••ğ•š ğ•ğ•  ğ•¡ğ•¦ğ•–ğ•£ğ•”ğ•  ğ•ğ•’ ğ•¤ğ•– ğ•šğ•”ğ•Ÿğ•šğ•—ğ•šğ•”ğ•’ ğ•ğ•’ğ•ğ••ğ•šğ•¥ğ•  ğ”»ğ•€ğ•†ğ•Š,2025-04-24T18:48:11Z,0
fbCO9LRUGu4,@AngelAngel-t1h,No digan las Ãºltimas frases de tralalero tralala es malo traduscanlo en italiano,2025-04-24T18:48:01Z,0
fbCO9LRUGu4,@rubenochoapacha9326,Tralalero tralala significa maldito dios,2025-04-24T18:44:48Z,0
fbCO9LRUGu4,@MadelynAndrea-j5z,Nooo,2025-04-24T18:44:05Z,0
fbCO9LRUGu4,@SamuelCordoba-n7f,â¤â¤â¤,2025-04-24T18:43:15Z,0
fbCO9LRUGu4,@PijusRZ,win   italian brainrot,2025-04-24T18:42:44Z,0
fbCO9LRUGu4,@brunoromero3637,Tralalero tralala bombardino crocodilo tung tung tung sahur vs tralalero tralala bombardino crocodino tung tung tung sahur de temuğŸ˜‚ğŸ˜‚,2025-04-24T18:42:28Z,0
fbCO9LRUGu4,@DoraJordanaParralesSÃ¡nchez,QuÃ© idiotas son,2025-04-24T18:42:28Z,0
fbCO9LRUGu4,@sandyvargas6911,Tidoronâ¤â¤â¤â¤â¤â¤ğŸ˜ŠğŸ˜ŠğŸ˜ŠğŸ˜Š,2025-04-24T18:41:41Z,0
fbCO9LRUGu4,@anabelmanquero1674,ğŸ‰,2025-04-24T18:41:34Z,0
fbCO9LRUGu4,@MAHADYPA,"The blue team , because the bombordiro crocodile can kill almost everyone , including Tung Sahur and Tralaleilo Tralala",2025-04-24T18:41:14Z,0
fbCO9LRUGu4,@VictorCastillo-br4wt,El significado del tralalero tralala,2025-04-24T18:41:00Z,0
fbCO9LRUGu4,@JessicaCristina-rx7vr,", love",2025-04-24T18:40:20Z,0
fbCO9LRUGu4,@EdiltrudisOdar-g2x,"100000000#ğŸ‰ğŸ˜¢ğŸ˜®ğŸ˜…ğŸ˜Šâ¤â¤â¤â¤â¤,ğŸ§‘â€ğŸ«ğŸ§‘â€ğŸ«",2025-04-24T18:40:16Z,0
fbCO9LRUGu4,@Ğ–Ğ°ÑÑƒĞ»Ğ°Ğ½-Ñ‡3Ğ»,"4, 1Ğ»Ğ²Ğ¹Ğº",2025-04-24T18:39:56Z,0
fbCO9LRUGu4,@UrielVallez-z1i,ğŸ¦ˆğŸ¦ˆğŸ¦ˆğŸ‘‘ğŸ‘‘ğŸ›¼ğŸ›¼ğŸ›¼,2025-04-24T18:39:33Z,0
fbCO9LRUGu4,@Vick718,My brain...its rotting...,2025-04-24T18:39:29Z,0
fbCO9LRUGu4,@lauannysousa9068,kkkkkkkkkkkkkkkkkkkkkkkkkkkkkkkkkkkkkkkkkkkkkkkkkkkkkkkkkkkkkkkkkkkkkkkkkkkkkkkkkkkkkkkkkkkkkkkkkkkkkkkkkkkkkkkkkkkkkkkkkkkkkkkkkkkkkkkkkkkkkkkkkkkkkkkkkkkkkkkkkkkkkkkkkkkkkkkkkkkkkkkkkkkkkkkkkkkkkkkkkkkkkkkkkkkkkkkkkkkkkkkkkkkkkkkkkkkkkkkkkkkkkkkkkkkkkkkkkkkkkkkkkkkkkkkkkkkkkkkkkkkkkkkkkkkkkkkkkkkkkkkkkkkkkkkkkkkkkkkkkkkkkkkkkk,2025-04-24T18:39:18Z,0
fbCO9LRUGu4,@AnaMoreta-fy9np,ğŸ˜‚ğŸ˜‚ğŸ˜‚ğŸ˜‚ğŸ‰ğŸ‰,2025-04-24T18:39:06Z,0
fbCO9LRUGu4,@jainecruznascimento7805,ğŸ¤£ğŸ¤£ğŸ¤£ğŸ¤£ğŸ¤£ğŸ’â€â™‚ï¸ğŸ’â€â™‚ï¸ğŸ¦ˆğŸ´â€â˜ ï¸,2025-04-24T18:38:48Z,0
fbCO9LRUGu4,@KevindavidTonatocaiza,"Tralalero tralala,bombadilo crocrodilo, tung shaur",2025-04-24T18:38:28Z,0
fbCO9LRUGu4,@JuventinaAlvarezgonzalez,Felicidades,2025-04-24T18:37:43Z,0
fbCO9LRUGu4,@NathanOrtiz-m8h,Tung Tung Tung Tung Tung sahur Bobardilo cocodrilo Tralalero tralala,2025-04-24T18:37:14Z,1
fbCO9LRUGu4,@melyn-00,"The blue one sounds better, the truth is, the bonbardrilo crocodileğŸ˜‚ğŸ˜‚ğŸ˜‚ğŸ˜‚",2025-04-24T18:37:12Z,0
fbCO9LRUGu4,@ÎœÎ¹Ï‡Î±Î»Î·Ï‚ÎœÎ±Ï…ÏÎ¿Ï‚-Î²7Î»,ğŸ˜ŠğŸ˜Š,2025-04-24T18:35:59Z,0
fbCO9LRUGu4,@Ğ•Ğ´Ğ¸Ğ»Ñ…Ğ°Ğ½ĞšĞ°Ñ€Ğ°Ğ¶Ğ°Ğ½ĞšĞ°Ñ€Ğ°Ğ¶Ğ°Ğ½Ğ¾Ğ²,â¤â¤â¤â¤â¤â¤,2025-04-24T18:35:57Z,0
fbCO9LRUGu4,@OrenYT137,TRALALELO TRALALA,2025-04-24T18:35:53Z,0
fbCO9LRUGu4,@JosemaraCosta-s6q4i,Eu,2025-04-24T18:35:00Z,0
fbCO9LRUGu4,@AlexaCruz-z9n,El tralalero dice malas palas palabras de dios ğŸ¤¬ğŸ¤¬ğŸ¤¬ğŸ¤¬ğŸ¤¬,2025-04-24T18:34:22Z,0
fbCO9LRUGu4,@edwin8uiiw8etgguerrero25,1000,2025-04-24T18:34:02Z,0
fbCO9LRUGu4,@MiguelGonzalez-qs9cn,Si supiera lo que significa,2025-04-24T18:33:57Z,0
fbCO9LRUGu4,@soidrihalidi5305,ParallÃ¨le tralala Bamba c&#39;est le crocodile tou tou tou tou tou tou tou tou tou tou savoure,2025-04-24T18:33:28Z,0
fbCO9LRUGu4,@luzlinares156,Puerco tÃ­o por cuÃ¡l significa que Dios estÃ¡ muertoğŸ˜ª,2025-04-24T18:33:06Z,0
fbCO9LRUGu4,@marcelooliveira224,ğŸ‰ğŸ‰ğŸ‰ğŸ‰ğŸ‰ğŸ‰ğŸ‰ğŸ‰ğŸ‰ğŸ‰,2025-04-24T18:30:05Z,0
fbCO9LRUGu4,@danyyyte1699,Nms ya ni los niÃ±os esquiribi eran mÃ¡s pendejos,2025-04-24T18:28:56Z,0
fbCO9LRUGu4,@PODPIShIS-y8d,ĞºĞ¾Ğ¼Ñƒ ÑÑ‚Ğ¾ Ğ²Ğ¾Ğ±Ñ‰Ğµ  Ğ½Ñ€Ğ°Ğ²Ğ¸Ñ†Ğ° ?,2025-04-24T18:28:22Z,0
fbCO9LRUGu4,@musasalenge6021,TRALARO TRALALA BOMBARDILO CROCODILO TUNG TUNG TUNG SAHUR ARE THE THREE MAIN CHARACTERS ğŸ—¿ğŸ—£ï¸ğŸ”¥ğŸ”¥ğŸ”¥ğŸ”¥,2025-04-24T18:28:09Z,10
fbCO9LRUGu4,@peresozogames,Eso es diabÃ³lico ğŸ¦ˆğŸ‘ŸğŸ‘ŸâŒğŸ–•ğŸ–•âŒğŸ–•ğŸ–•ğŸ–•âŒğŸ–•âŒ,2025-04-24T18:28:04Z,0
fbCO9LRUGu4,@abdirahmanabdi6355,Itâ€™s sad that people donâ€™t even know what that crocodile meme thing means,2025-04-24T18:28:02Z,0
fbCO9LRUGu4,@yas-s6u,â¤â¤â¤â¤â¤,2025-04-24T18:28:00Z,0
fbCO9LRUGu4,@Ğ¥Ğ¾Ğ·ĞµĞ¹Ğ¸Ğ½Ğ®Ğ½ÑƒÑĞ¾Ğ²-Ñ5Ğ¼,ĞŸĞ¾Ğ²: ÑĞ½Ñ‹ Ğ¿Ğ¸Ñ€ Ñ‚ĞµĞ¼Ğ¿ĞµÑ€Ğ°Ñ‚ÑƒÑ€Ğµ 39.9,2025-04-24T18:27:17Z,0
fbCO9LRUGu4,@FinnVogelaar,I just feel my braincells being eaten away,2025-04-24T18:26:07Z,0
fbCO9LRUGu4,@MrHotte2978,Like is besser,2025-04-24T18:26:02Z,0
fbCO9LRUGu4,@VictoriaMartiren-c1s,ay que    loco  aguante  jesus  y  el  papa  argentio,2025-04-24T18:26:00Z,0
fbCO9LRUGu4,@Ğ•Ğ²Ğ³ĞµĞ½Ğ¸ÑĞ˜Ğ³ÑƒĞ¼Ğ½Ğ¾Ğ²Ğ°-Ñ8Ñ,HATE!!!!!!,2025-04-24T18:25:53Z,0
fbCO9LRUGu4,@khadijaouagri,TUNG TUNG TUNG SAHUR BEATS ALL OF THEM,2025-04-24T18:25:36Z,0
fbCO9LRUGu4,@ZoulikhaGuennouni,LikeğŸ˜ŠğŸ˜ŠğŸ˜ŠğŸ˜ŠğŸ˜ŠğŸ˜ŠğŸ˜Š,2025-04-24T18:25:09Z,0
fbCO9LRUGu4,@Horacio-i6t,what a shit of video,2025-04-24T18:24:16Z,0
fbCO9LRUGu4,@HannaVargas-dr2xz,Los de Minecraft,2025-04-24T18:23:45Z,0
fbCO9LRUGu4,@Nicolas-810p,BRO WTF IS THAT,2025-04-24T18:22:06Z,0
fbCO9LRUGu4,@Vasilije-y4n,LikeğŸ‰ğŸ‰ğŸ˜‚ğŸ˜‚,2025-04-24T18:21:55Z,0
fbCO9LRUGu4,@mauroreyes5478,ğŸ¦ˆğŸ¦ˆğŸ¦ˆğŸ¦ˆğŸ¦ˆğŸ¦ˆğŸ¦ˆğŸ¦ˆğŸ¦ˆğŸ¦ˆğŸ¦ˆğŸ¦ˆğŸ¦ˆğŸ¦ˆğŸ¦ˆğŸ‘ŸğŸ‘ŸğŸ‘ŸğŸ‘ŸğŸ‘ŸğŸ‘ŸğŸ‘ŸğŸ‘Ÿ,2025-04-24T18:21:48Z,0
fbCO9LRUGu4,@WillanTorres-kz5il,Fa schifo questa  canzone e soprattutto tu che lai pubblicata mi fai schifo anni mi fai pena,2025-04-24T18:21:33Z,0
fbCO9LRUGu4,@prinssecitametalera,Asta otra galaxia se escucha el rujir de tripa ğŸ¤‘ğŸ¤™,2025-04-24T18:21:13Z,5
fbCO9LRUGu4,@AnasMoayyad,Ø­Ø±Ø§Ù… Ø¹Ù… ØªØ¹Ù…Ù„ÙˆØ§ ğŸ˜±ğŸ˜±,2025-04-24T18:20:38Z,0
fbCO9LRUGu4,@VickyMeyer-j2p,Eso dice cerdo dios,2025-04-24T18:19:52Z,0
fbCO9LRUGu4,@DanielQuiroz-c8j,Tralala tralala tralalero Corcura Bombardini gusini,2025-04-24T18:19:30Z,0
fbCO9LRUGu4,@kaqwl,Ou sou fa â¤â¤â¤â¤ ğŸ‰,2025-04-24T18:18:56Z,0
fbCO9LRUGu4,@KamilaZawadzka-y8h,ğŸ¤¯ğŸ¤¯ğŸ¤¯ğŸ¤¯ğŸ¤¯,2025-04-24T18:18:45Z,0
fbCO9LRUGu4,@ClaudioGomez-qt6nv,No sÃ© cÃ³mo vamos a evolucionar xddd,2025-04-24T18:18:39Z,0
fbCO9LRUGu4,@SalemALthagafi,hahahahahahahahahahağŸ˜…â¤â¤â¤â¤â¤,2025-04-24T18:18:14Z,0
fbCO9LRUGu4,@SalemALthagafi,hahahahahahahahahahağŸ˜…â¤â¤â¤â¤â¤,2025-04-24T18:18:08Z,0
fbCO9LRUGu4,@AngelaMilagrosRamosFlores,CepupağŸ¤¥ğŸ¤¥ğŸ¤¢ğŸ¤¢ğŸ¤¢ğŸ¤¢ğŸ¤¢ğŸ¤®ğŸ¤®ğŸ¤®ğŸ’©ğŸ’©ğŸ’©ğŸ‘ºğŸ‘¹ğŸŒğŸ¤¡ğŸ¤¬ğŸ¤¬ğŸ¤¬ğŸ«¤ğŸ˜¡ğŸ˜¡,2025-04-24T18:17:59Z,0
fbCO9LRUGu4,@robinsongonzalezz,no cate eso es malo paera dios,2025-04-24T18:17:46Z,0
fbCO9LRUGu4,@MitoyO230,ĞšÑ‚Ğ¾ Ğ·Ğ½Ğ°ĞµÑ‚ Ğ¿ĞµÑ€ĞµĞ²Ğ¾Ğ´.....,2025-04-24T18:17:40Z,0
fbCO9LRUGu4,@JaquelineSalvadorIbÃ¡Ã±ez,Tralalero tralala significa maldito Dios maldito Dios,2025-04-24T18:16:41Z,0
fbCO9LRUGu4,@eduardozunino5965,Hola,2025-04-24T18:15:56Z,0
fbCO9LRUGu4,@Reyna-zx7cx,QuÃ© significa trasladar otra lalala maldice adiÃ³s,2025-04-24T18:15:43Z,0
fbCO9LRUGu4,@RemediosRico-h6v,No saben que se icnifica,2025-04-24T18:14:53Z,0
fbCO9LRUGu4,@Ğ Ğ°Ğ¼Ğ°Ğ·Ğ°Ğ½Ğ˜Ğ±Ñ€Ğ°Ğ³Ğ¸Ğ¼Ğ¾Ğ²-Ñ‹6Ñ…,Ğ›ÑĞ´Ğ¸ Ğ½Ğµ Ñ€Ğ°ÑĞ¿Ñ€Ğ¾ÑÑ‚Ñ€Ğ°Ğ½ÑĞ¹Ñ‚Ğµ ÑÑ‚Ğ¾ Ğ·Ğ°Ğ³ÑƒĞ³Ğ»Ğ¸Ñ‚Ğµ Ğ¿ĞµÑ€ĞµĞ²Ğ¾Ğ´,2025-04-24T18:14:52Z,0
fbCO9LRUGu4,@El_Cococodriloooo,Deusâ¤,2025-04-24T18:14:26Z,0
fbCO9LRUGu4,@JosueSanche-w2m,Tung tung tung sahur. Es. un  palo me gusta  mÃ¡s el tung tung sahur porque  es un paloğŸ˜…,2025-04-24T18:13:58Z,0
fbCO9LRUGu4,@YoelPÃ©rez-w7v,"Tralalero tralala habana , bombardino cocodrilo y tung tung tung tung Sahara",2025-04-24T18:12:30Z,0
fbCO9LRUGu4,@GaelCalYMayor,IjgghğŸ‰ğŸ‰ğŸ˜¢ğŸ˜¢ğŸ˜¢ğŸ˜¢,2025-04-24T18:12:02Z,0
cF9feVtissg,@HTV131-kq8tx,tÃ´i tháº¥y phim nÃ y xem ráº¥t hay,2025-04-24T14:42:48Z,0
cF9feVtissg,@thien7837,Ä‘Ãºng vá»›i cÃ¢u ngÆ°á»i thÃ nh cÃ´ng thÆ°á»ng cÃ³ lá»‘i Ä‘i riÃªng,2025-04-24T13:28:09Z,0
cF9feVtissg,@NhanNguyen-wu3zp,Kiáº¿m tiá»n Tip mÃ  khÃ³ váº­y sao ğŸ˜‚,2025-04-24T11:47:33Z,0
cF9feVtissg,@a.bi.nguyen5523,Tiep,2025-04-24T07:26:04Z,0
cF9feVtissg,@vinhtu-gb6kx,KhÃ´ng cÃ³ TIP thÃ¬ tá»± má»Ÿ Ä‘i.,2025-04-24T06:20:51Z,0
cF9feVtissg,@binhho850,"Khi ngÆ°á»i phá»¥c vá»¥ má»Ÿ táº¥t cáº£ cÃ¡c cá»­a, chá»§ xe láº¡i chui tá»« gáº§m xe rağŸ˜‚ğŸ˜‚ğŸ˜‚ğŸ˜‚",2025-04-23T06:36:58Z,0
cF9feVtissg,@Nym5774,Top 1 thá»‹nh hÃ nh luÃ´n,2025-04-23T03:48:54Z,0
cF9feVtissg,@DVThu2023,Muá»‘n ná»— nÃ£oğŸ¤¯,2025-04-22T14:47:27Z,0
cF9feVtissg,@tienhua527,anh áº¥y ká»³ thá»‹ mÃ u da nÃªn trÃ¡nh gáº·p máº·t,2025-04-22T10:00:21Z,0
cF9feVtissg,@halinhnguyen5910,ğŸ˜…ğŸ˜…ğŸ˜…ğŸ˜‚ğŸ˜‚ğŸ˜‚ğŸ˜‚ğŸ˜‚,2025-04-22T08:15:22Z,0
cF9feVtissg,@hocdaycon,Anh Phá»¥c Vá»¥: Láº§n Cuá»‘i CÃ¹ng anh tá»›i ná»¯a ... lÃ  anh háº¿t cháº¡y vá»›i em ğŸ˜‚,2025-04-22T07:43:00Z,0
cF9feVtissg,@CuongVo-zy4pw,HÃº há»“n Ã  sanh dÃ´i mÃ  .,2025-04-22T01:17:26Z,0
cF9feVtissg,@ChuChu-v5b,Ä‘uá»•i viá»‡c tháº±ng Ã´ng chá»§ nÃ y Ä‘i <br>dÃ¡m Ä‘Ã¹a giá»¡n vá»›i nhÃ¢n viÃªn,2025-04-21T06:23:34Z,0
cF9feVtissg,@ninguyen30,CÃ¡i lÃ¹m má»‹a m ğŸ˜…,2025-04-20T19:02:20Z,0
cF9feVtissg,@hkimcuong2639,thÃ´i  dáº¹p  cmn Ä‘i kkk,2025-04-20T15:38:36Z,0
cF9feVtissg,@haiphong7bo799,Anh áº¥y kÃ¬ thá»‹ &quot;NG&quot;â˜ ï¸â˜ ï¸â˜ ï¸,2025-04-20T14:55:00Z,0
cF9feVtissg,@Huáº¿Äáº·ng-y6s,ğŸ˜‚ğŸ˜‚ğŸ˜‚ğŸ˜‚,2025-04-20T13:36:47Z,0
cF9feVtissg,@LuongLua-w7m,Chá»§ xe tá»‘c biáº¿n Ã ,2025-04-20T11:39:36Z,0
cF9feVtissg,@eae3854,Láº§n sau ná»¯a Ã´ng kia chuÃ´i gáº§m xe luÃ´nğŸ˜‚ğŸ˜‚ğŸ˜‚,2025-04-20T08:43:05Z,1
cF9feVtissg,@DuyVo-zm2zc,Ko bao giá» nháº­n Ä‘c tiá»n tÃ­pb,2025-04-20T08:42:42Z,0
cF9feVtissg,@Glassneverdie,á»¦a sao cá»­a xe sau má»Ÿ láº¡ váº­y,2025-04-20T08:06:19Z,0
cF9feVtissg,@TÃªnHá»-w8v,ao nhÃ¢yğŸ˜‚,2025-04-20T07:45:51Z,0
cF9feVtissg,@NguyenNin1993,ğŸ˜‚ğŸ˜…ğŸ˜…ğŸ˜‚ğŸ˜‚ğŸ˜‚,2025-04-20T07:35:32Z,0
cF9feVtissg,@hienhuy9455,ğŸ˜‚ğŸ˜‚ğŸ˜‚ğŸ˜‚,2025-04-20T07:04:38Z,0
cF9feVtissg,@SinhphÃºc-t5y,Ko cay Ä‘Ã¢u,2025-04-20T06:57:41Z,0
cF9feVtissg,@dieunguyenthithu9690,nÆ°á»›c Ä‘i nÃ y anh phá»¥c vá»¥ khÃ´ng thá»ƒ Ä‘oÃ¡n Ä‘Æ°á»£c,2025-04-20T05:47:17Z,0
cF9feVtissg,@jonhnynguyen61,CÃ³ giá»i thÃ¬ tháº±ng chá»§ xe Ä‘i ra báº±ng náº¯p ca bÃ´,2025-04-20T05:41:23Z,0
cF9feVtissg,@phuocpham5737,Váº«y,2025-04-20T04:53:22Z,0
cF9feVtissg,@aule4524,V sao lai?,2025-04-20T04:16:18Z,0
cF9feVtissg,@lÆ°á»£ngBÃ¹iVÄƒn-r5k,Láº§n sau ná»¯a nhÃ¢n viÃªn má»Ÿ cá»‘p thÃ¬ chá»§ xe chui ra tá»« gáº§m xe kkkk,2025-04-20T03:29:32Z,0
cF9feVtissg,@ThanhHung-we2yo,ChÆ¡i chá»‘n tÃ¬m Ã ,2025-04-20T03:18:56Z,0
cF9feVtissg,@vanthaocao2124,"Má»Ÿ nÃ³c xe, lÃ£o chá»§ xe dÃ¡m chui ra tá»« gáº§m xe khÃ´ng",2025-04-19T20:17:05Z,0
cF9feVtissg,@beebeehoan9703,Xe Ä‘áº¹p ghÃª,2025-04-19T19:10:50Z,0
cF9feVtissg,@MakimaSanLQ,Chá»§ xe giá»¡n máº·t háº£ ğŸ˜…,2025-04-19T18:32:28Z,0
cF9feVtissg,@hikerofficial7708,Phá»¥c vá»¥ kiá»ƒu: mÃ¡ nÃ³ tháº±ng lozğŸ˜¡ğŸ˜¡ğŸ˜¡,2025-04-19T18:14:49Z,0
cF9feVtissg,@SenMa-w4v,ğŸ˜‚ğŸ˜‚ğŸ˜‚,2025-04-19T15:49:44Z,0
cF9feVtissg,@CucNguyen-zf9nf,quáº£n cÃ¡o xe chá»© gÃ¬,2025-04-19T15:47:01Z,0
cF9feVtissg,@VangiangLe-369,ğŸ˜‚ğŸ˜‚ğŸ˜…ğŸ˜…,2025-04-19T15:41:09Z,0
cF9feVtissg,@LÃ¢mBáº¡ch-w2z,á»p cho quáº£ mÃ¬n má»Ÿ cÃ¡nh cá»­a Ä‘ia ngá»¥c lun,2025-04-19T15:31:16Z,0
cF9feVtissg,@BonAnh-u2z,Ã”ng phá»¥c vá»¥ kiá»ƒu: tháº±ng nÃ y nhay tháº¿ nhá» dell phá»¥c vá»¥ gÃ¬ háº¿t tao xin nghá»‰ viá»‡c ğŸ˜‚ğŸ˜‚ğŸ˜‚ğŸ˜‚ğŸ˜‚,2025-04-19T15:30:49Z,0
cF9feVtissg,@TungVuongquoc-e3v,Tháº±ng chá»§ Ä‘Ã³ váº«n cÃ²n sá»‘ng Ã ,2025-04-19T14:47:15Z,0
cF9feVtissg,@kienledinh6412,láº§n tiáº¿p theo chui ra tá»« mui xe<br>láº§n tiáº¿p theo ná»¯a chui ra tá»« gáº§m xe<br>láº§n tiáº¿p theo ná»¯a chui ra tá»« á»‘ng khÃ³i,2025-04-19T13:59:56Z,0
cF9feVtissg,@NhiTráº§nthá»‹háº¡nh,A Di ÄÃ  Pháº­t,2025-04-19T13:54:48Z,0
cF9feVtissg,@MYKiá»u-f1m,Phá»¥c vá»¥ cay mÃ  chá»§ xe nhÃ¢y,2025-04-19T13:10:18Z,0
cF9feVtissg,@NguyenPhuong-ye5cm,Ã¡ Ä‘Ã¹,2025-04-19T12:27:06Z,0
cF9feVtissg,@miro833,Khi nhÃ¢n viÃªn lÃ  báº¡n thÃ¢n cá»§a chá»§ xe,2025-04-19T11:49:09Z,0
cF9feVtissg,@KhÃ´ngTÃªn-KVD,Chá»‰ Ä‘Æ¡n giáº£n lÃ  anh áº¥y da den ğŸ—£ï¸ğŸ”¥,2025-04-19T09:25:46Z,0
cF9feVtissg,@DungVu-f8p,Ai lÃ  ngÆ°á»i lÃ¡i ğŸ˜†ğŸ˜†ğŸ˜†,2025-04-19T09:04:13Z,0
cF9feVtissg,@HungPhanxuÃ¢n-g5c,Chu xe la con thu cung,2025-04-19T07:43:51Z,0
cF9feVtissg,@AnnaNguyenDan,Muá»‘n bom nhau thÃ¬ thiáº¿u j káº¿ ğŸ˜‚,2025-04-19T06:44:17Z,0
cF9feVtissg,@DuongTrong-w7m,Láº§n sau cháº¯c Ä‘i ra báº±ng cá»­a kÃ­nh trá»i,2025-04-19T03:35:17Z,0
cF9feVtissg,@HieuNguyen-ex1lk,Vá» lá»,2025-04-19T03:15:34Z,0
cF9feVtissg,@XuyenChangPao,Tháº¿ Ai lÃ¡y xe nhá»‰??,2025-04-19T00:58:11Z,0
cF9feVtissg,@luongvandung-r5e,"LÃ¢Ì€n cuÃ´Ìi ngÆ°Æ¡Ì€i phuÌ£c vuÌ£ mÆ¡Ì‰ cáº£ 4 caÌnh cá»­a láº«n cÃ´Ìp , thiÌ€ thÃ¢Ìy chuÌ‰ xe Ä‘ang nÄƒÌ€m dÆ°Æ¡Ìi baÌnh xe!ğŸ˜¢",2025-04-19T00:38:37Z,0
cF9feVtissg,@LoiNguyen-hx7kq,Trá»›t quá»›t,2025-04-19T00:28:14Z,0
cF9feVtissg,@sirovlog1714,kiáº¿m 50 khÃ³ quÃ¡,2025-04-18T17:26:51Z,0
cF9feVtissg,@HoÃ ngViá»‡tVÅ©-m8n,CÃ¡i cá»­a sá»• trÆ°á»›c cá»§a xe : ?????,2025-04-18T15:19:43Z,0
cF9feVtissg,@TÃ iLá»£iNguyÃªnPhan,phá»¥c vá»¥ kiá»ƒu: máº¹ kiáº¿p,2025-04-18T14:35:20Z,0
cF9feVtissg,@Shark_nhanÄÃ o,á»¦a Ã´ng nhÃ¢n viÃªn ko nhÃ¬n Ä‘c chá»§ xe qua kÃ­nh ak nÃ³ trong suá»‘t mak,2025-04-18T13:38:06Z,0
cF9feVtissg,@MloYNgong-l3z,ğŸ¤£,2025-04-18T13:15:30Z,0
cF9feVtissg,@rivewdulichviet865,ngÆ°á»i phá»¥c vá»¥ said: cayyy tháº¿ nhá» ğŸ¤¬,2025-04-18T12:29:42Z,1
cF9feVtissg,@HoangLamBach-u1n,Láº¥y lá»‹u Ä‘áº¡n bá»¥m cÃ¡ch cá»­a Ä‘á»‹a ngá»¥cğŸ˜‚ğŸ˜‚ğŸ˜‚,2025-04-18T11:53:21Z,0
cF9feVtissg,@manhtrung1722,ğŸ˜…ğŸ˜…ğŸ˜…ğŸ˜…ğŸ˜…ğŸ˜…ğŸ¤£ğŸ¤£ğŸ¤£ğŸŠğŸ¤­ğŸ¤­ğŸ¤­,2025-04-18T10:40:22Z,0
cF9feVtissg,@thuleanh3888,â¤ğŸ˜‚ğŸ˜‚ğŸ˜¢ğŸ˜®ğŸ˜…ğŸ˜…ğŸ˜…,2025-04-18T09:24:32Z,0
cF9feVtissg,@Kimnguyá»…nÄinh-f9g,",ğŸ˜‚ğŸ˜‚ğŸ˜‚ğŸ˜‚ğŸ˜‚ğŸ˜‚",2025-04-18T06:57:16Z,0
cF9feVtissg,@vantichbui8470,CÃ³ chui tá»« gáº§m ra ko,2025-04-18T06:31:28Z,0
cF9feVtissg,@LienNguyen-hh4ul,NgÆ°á»i thÃ´ng minh Ko Ä‘á»ƒ ngÆ°á»i khÃ¡c bt trc nÆ°á»›c Ä‘i cá»§a mÃ¬nh,2025-04-18T06:07:42Z,0
cF9feVtissg,@LinhNguyen-km7td,LÃºc Ã´ng áº¥y má»Ÿ háº¿t thÃ¬ chá»§ xe Ä‘i ra tá»« nÃ³c xe,2025-04-18T05:44:45Z,0
cF9feVtissg,@dangthivui3877,ğŸ˜‚ğŸ˜‚ğŸ˜‚ğŸ˜‚ğŸ˜‚ğŸ˜‚ğŸ˜‚ğŸ˜‚ğŸ˜‚ğŸ˜‚ğŸ˜‚ğŸ˜‚ğŸ˜‚ğŸ˜‚ğŸ˜‚ğŸ˜‚ğŸ˜‚ğŸ˜‚ğŸ˜‚ğŸ˜‚ğŸ˜‚ğŸ˜‚ğŸ˜‚ğŸ˜‚ğŸ˜‚ğŸ˜‚ğŸ˜‚ğŸ˜‚ğŸ˜‚ğŸ˜‚ğŸ˜‚ğŸ˜‚ğŸ˜‚ğŸ˜‚ğŸ˜‚ğŸ˜‚ğŸ˜‚ğŸ˜‚ğŸ˜‚ğŸ˜‚ğŸ˜‚ğŸ˜‚ğŸ˜‚ğŸ˜‚ğŸ˜‚ğŸ˜‚ğŸ˜‚ğŸ˜‚ğŸ˜‚ğŸ˜‚ğŸ˜‚ğŸ˜‚ğŸ˜‚ğŸ¤£ğŸ˜‚ğŸ˜‚ğŸ¤£ğŸ˜‚ğŸ¤£ğŸ˜‚ğŸ¤£ğŸ˜‚ğŸ¤£ğŸ˜‚ğŸ¤£ğŸ˜‚ğŸ¤£ğŸ˜‚ğŸ¤£ğŸ˜‚ğŸ˜‚ğŸ˜‚ğŸ˜‚ğŸ˜‚ğŸ˜‚ğŸ˜‚ğŸ˜‚ğŸ˜‚ğŸ˜‚ğŸ˜‚ğŸ˜‚ğŸ˜‚ğŸ˜‚ğŸ˜‚ğŸ˜‚ğŸ˜‚ğŸ˜‚ğŸ˜‚ğŸ˜‚ğŸ˜‚ğŸ˜‚ğŸ˜‚ğŸ˜‚ğŸ˜‚ğŸ˜‚ğŸ˜‚ğŸ˜‚ğŸ˜‚ğŸ˜‚ğŸ˜‚ğŸ˜‚ğŸ˜‚ chá»§ xe Muá»‘n Ä‘uá»•i viá»‡c phá»¥c vá»¥ rá»“i,2025-04-18T05:07:54Z,0
cF9feVtissg,@nguoi-ngoai-hanh-tinh7,"Coi nhÆ° a phá»¥c vá»¥ Ä‘en Ä‘i,Ä‘á» quÃªn Ä‘i",2025-04-18T05:03:39Z,3
cF9feVtissg,@UMARUHT,Ko Ä‘c Ä‘á»ƒ Ä‘á»‘i thá»§ Ä‘á»c Ä‘c nÆ°á»›c Ä‘i cá»§a báº¡n,2025-04-18T04:21:20Z,1
cF9feVtissg,@aimongÃº,ğŸ™ƒğŸ™ƒğŸ™ƒğŸ™ƒğŸ™ƒ,2025-04-18T01:24:44Z,0
cF9feVtissg,@QUANCHá»¶M,Chui tá»« ngÃ´i má»™ lÃªn xem nÃ o ğŸ˜ŠğŸ˜ŠğŸ˜ŠğŸ˜Š,2025-04-17T16:43:31Z,0
cF9feVtissg,@LinhTran-gf5yv,Stupid,2025-04-17T15:49:03Z,0
cF9feVtissg,@domanhkien3080,Cay cay cay,2025-04-17T15:20:55Z,0
cF9feVtissg,@RoiHuy-j3i,.,2025-04-17T14:35:28Z,0
cF9feVtissg,@CryptographyHack,cuá»‘i cÃ¹ng chá»§ xe chui ra tá»« gáº§m xe,2025-04-17T14:25:48Z,0
cF9feVtissg,@helenhoimecongnghe,tui Ä‘oÃ¡n Ä‘Ãºng luÃ´n,2025-04-17T13:00:03Z,0
cF9feVtissg,@Xuixáº»oTÃ´ilÃ vá»‹tháº§n,ğŸ˜…ğŸ˜…ğŸ˜…,2025-04-17T08:44:54Z,0
cF9feVtissg,@QuanPham-pz7de,o hiu Ã½ nghÄ©a cá»§a cÃ¡i vd nÃ y,2025-04-17T08:12:37Z,0
cF9feVtissg,@YJJUKYUKYUIK,"ÄCSTQ sáº½ sá»¥p Ä‘á»• trong má»™t ngÃ y khÃ´ng xa<br><br>29de5ceab904b8a4e2df721b40758b49.jpg<br><br>Anh Nabil Hamati tráº£ lá»i phá»ng váº¥n sau khi xem phim.<br><br>Anh Nabil Hamati, má»™t cÆ° dÃ¢n Brooklyn lÃ m viá»‡c trong lÄ©nh vá»±c y há»c, cho biáº¿t cáº£m xÃºc cá»§a anh lÃºc Ä‘Ã³ khÃ´ng thá»ƒ diá»…n táº£ thÃ nh lá»i. Anh khÃ´ng thá»ƒ tÆ°á»Ÿng tÆ°á»£ng Ä‘Æ°á»£c ráº±ng nhá»¯ng bÃ¡c sá»¹ tráº» trong bá»™ phim, vá»«a má»›i tá»‘t nghiá»‡p, Ä‘Ã£ bá»‹ Ã©p pháº£i thu hoáº¡ch ná»™i táº¡ng tá»« nhá»¯ng ngÆ°á»i cÃ²n sá»‘ng. Anh nÃ³i: â€œGiá»‘ng nhÆ° ngÆ°á»i Ä‘Ã n Ã´ng ngá»“i trÃªn gháº¿ sofa, anh ta pháº£i mÃ³c nhÃ£n cáº§u cá»§a ngÆ°á»i khÃ¡c hoáº·c nhÃ¬n ngÆ°á»i ta thu hoáº¡ch tháº­n cá»§a nhá»¯ng ngÆ°á»i sá»‘ng ngay khi vá»«a má»›i tá»‘t nghiá»‡p. TÃ´i hy vá»ng Ä‘iá»u nÃ y sáº½ khÃ´ng xáº£y ra á»Ÿ Hoa Ká»³â€.<br><br>Bá»™ phim cÅ©ng cho tháº¥y nhá»¯ng cÃ¢u chuyá»‡n cáº£m Ä‘á»™ng vá» gia Ä‘Ã¬nh cÃ¡c náº¡n nhÃ¢n á»Ÿ Trung Quá»‘c, nhá»¯ng ngÆ°á»i Ä‘Ã£ ná»— lá»±c khÃ´ng biáº¿t má»‡t má»i Ä‘á»ƒ tÃ¬m nhá»¯ng ngÆ°á»i thÃ¢n bá»‹ máº¥t tÃ­ch cá»§a mÃ¬nh. ChÃ­nh Ä‘iá»u nÃ y Ä‘Ã£ khiáº¿n anh Nabil cáº£m Ä‘á»™ng. Anh nÃ³i: â€œMáº·c dÃ¹ lÃ  Ä‘iá»u gáº§n nhÆ° khÃ´ng thá»ƒ nhÆ°ng tÃ¬nh yÃªu dÃ nh cho gia Ä‘Ã¬nh sáº½ khÃ´ng bao giá» phai nháº¡t. Máº·c dÃ¹ 19 nÄƒm sau, ngÆ°á»i cha giÃ  Ä‘Ã£ qua Ä‘á»i nhÆ°ng Ã´ng áº¥y khÃ´ng tá»« bá» viá»‡c Ä‘Ã²i cÃ´ng lÃ½ cho nhá»¯ng Ä‘á»©a con cá»§a mÃ¬nh. ÄÃ¢y lÃ  má»™t tráº£i nghiá»‡m buá»“n mÃ  chÃºng ta khÃ´ng muá»‘n Ä‘iá»u Ä‘Ã³ xáº£y ra vá»›i báº¥t ká»³ aiâ€.<br><br>Anh Nabil cho hay viá»‡c biáº¿t Ä‘áº¿n cuá»™c bá»©c háº¡i á»Ÿ Trung Quá»‘c lÃ  Ä‘iá»u háº¿t sá»©c quan trá»ng. Anh nÃ³i: â€œChÃºng ta cáº§n pháº£i trÃ¢n quÃ½ hÆ¡n sá»± tá»± do vÃ  cÃ¡c quyá»n mÃ  chÃºng ta Ä‘Æ°á»£c hÆ°á»Ÿng táº¡i Hoa Ká»³, Ä‘á»“ng thá»i cá»‘ gáº¯ng háº¿t sá»©c Ä‘á»ƒ trá»£ giÃºp cÃ¡c tá»• chá»©c nhÆ° Tá»• chá»©c Tháº¿ giá»›i Äiá»u tra cuá»™c Bá»©c háº¡i PhÃ¡p LuÃ¢n CÃ´ng trong viá»‡c váº¡ch tráº§n nhá»¯ng tá»™i Ã¡c nÃ y. TÃ´i hy vá»ng má»™t ngÃ y khÃ´ng xa, chá»§ nghÄ©a cá»™ng sáº£n chá»‰ cÃ²n lÃ  dÄ© vÃ£ngâ€. Anh cho biáº¿t thÃªm ráº±ng Ä‘iá»u nÃ y Ä‘Ã²i há»i ná»— lá»±c chung cá»§a ráº¥t nhiá»u ngÆ°á»i vÃ  nhÆ° chÃºng ta tháº¥y ngÃ y hÃ´m nay, tháº­t sá»± ráº¥t khÃ³ Ä‘á»ƒ má»™t cÃ¡ nhÃ¢n Ä‘Æ¡n láº» cÃ³ thá»ƒ chá»‘ng láº¡i cáº£ má»™t chÃ­nh quyá»n há»§ báº¡i. ChÃ­nh vÃ¬ váº­y, chÃºng ta cáº§n truyá»n rá»™ng sá»± tháº­t vÃ  táº­p há»£p sá»©c máº¡nh cá»§a má»i ngÆ°á»i Ä‘á»ƒ giÃºp thay Ä‘á»•i tÆ°Æ¡ng laiâ€, anh Nabil kháº³ng Ä‘á»‹nh.<br><br>CÃ´ Maya Hamati, em gÃ¡i cá»§a anh Nabil lÃ  má»™t sinh viÃªn Ä‘áº¡i há»c. CÃ´ cho hay bá»™ phim mang tÃ­nh giÃ¡o dá»¥c vÃ  hÃ© lá»™ má»™t chá»§ Ä‘á» quan trá»ng, Ä‘á»“ng thá»i nháº¯c nhá»Ÿ chÃºng ta nghÄ© sÃ¢u hÆ¡n vá» nhá»¯ng váº¥n Ä‘á» nÃ y. CÃ´ cho ráº±ng Ä‘iá»u nÃ y cá»±c ká»³ quan trá»ng bá»Ÿi â€œtrong lá»‹ch sá»­ Ä‘Ã£ cÃ³ cuá»™c tháº£m sÃ¡t ngÆ°á»i Do ThÃ¡i, máº·c dÃ¹ ngÆ°á»i ta nÃ³i â€˜khÃ´ng bao giá» Ä‘á»ƒ Ä‘iá»u Ä‘Ã³ xáº£y ra láº§n ná»¯aâ€™ nhÆ°ng nhá»¯ng tháº£m ká»‹ch tÆ°Æ¡ng tá»± váº«n xáº£y ra trÃªn tháº¿ giá»›i nÃ yâ€.",2025-04-17T07:55:30Z,0
cF9feVtissg,@TungHoang-oq8qu,Chá»§ xe: cáº­u cháº£ bao h hiá»ƒu Ã½ cá»§a tÃ´i vÃ  phá»¥c vá»¥ tÃ´i tá»­ táº¿ cáº£. Quáº£n lÃ½ Ä‘uá»•i thk nÃ y cho tÃ´iğŸ˜…ğŸ˜…ğŸ˜€ğŸ˜€,2025-04-17T07:41:52Z,0
cF9feVtissg,@HoaPham-nz2de,2 step ahead ğŸ—£ï¸ğŸ”¥ğŸ”¥ğŸ”¥ğŸ”¥ğŸ”¥,2025-04-17T05:33:59Z,0
cF9feVtissg,@baohannguyenngoc-y4o,khi báº¡n háº¿t tráº£ cho nhÃ¢n viÃªn mÃ  k cÃ³ lÃ­ do Ä‘á»ƒ Ä‘uá»•i,2025-04-17T05:26:11Z,0
cF9feVtissg,@SnapdragonNguyá»…n,Chá»§ xe kiá»ƒu trá»« lÆ°Æ¡ng,2025-04-17T05:09:59Z,0
cF9feVtissg,@NamHuynhThi-et8ng,Ã”i lÃ  vui,2025-04-17T05:02:25Z,0
cF9feVtissg,@GyFgh-b4p,ğŸ˜…ğŸ˜…ğŸ˜…,2025-04-17T04:40:11Z,1
cF9feVtissg,@Bao_Nguyen6,Ko muá»‘n láº¡i gáº§n ngÆ°á»i da .... Ã ,2025-04-17T03:08:38Z,0
cF9feVtissg,@A55Oppo-fi2og,Cháº¯c láº§n xÃ¢u anh áº¥y xuáº¥t hiá»‡n ra tá»« cÃ¡i lá»— bÃ³ng Ä‘Ã¨n luÃ´n,2025-04-17T02:39:42Z,0
cF9feVtissg,@charliechung2826,Tháº±ng chá»§ xe Ã¡c tháº­t ğŸ˜‚,2025-04-17T02:05:10Z,0
cF9feVtissg,@ThanhNguyen-e3m2e,Tháº­t khÃ³ cho anh.,2025-04-17T01:10:38Z,0
cF9feVtissg,@tricuongnguyen8859,Bá»¥p,2025-04-17T00:41:35Z,0
cF9feVtissg,@miq8595,ğŸ¤£ğŸ¤£,2025-04-17T00:34:53Z,0
cF9feVtissg,@DONUTKAYOIN,náº¿u da mÃ  tráº¯ng thÃ¬ Ä‘Ã£ khÃ´ng tháº¿,2025-04-16T16:57:19Z,0
cF9feVtissg,@Nomandluck,Cháº¯c láº§n sau lÃ  Ä‘i xuyÃªn qua cá»­a kÃ­nh Ä‘Ã³,2025-04-16T16:49:02Z,0
cF9feVtissg,@khanhquach-h2w,ko bt láº§n sau cÃ³ bÆ°á»›c ra tá»« Ä‘áº§u xe ko,2025-04-16T15:59:17Z,0
cF9feVtissg,@TienVo-jt5hn,ğŸ˜‚ğŸ˜‚ğŸ˜‚ğŸ˜‚,2025-04-16T15:05:10Z,0
cF9feVtissg,@xuanphu.,Tháº¿ lÃ¡i xe Ä‘Ã¢u,2025-04-16T14:48:26Z,0
cF9feVtissg,@ThuNguyen-fs5oj,<b><i><del>phÃ¢n biá»‡t chung tá»™c</del></i></b>,2025-04-16T13:55:29Z,0
cF9feVtissg,@sonpham894,Ai lÃ¡i bÃ¢yğŸ˜‚ğŸ˜‚ğŸ˜‚,2025-04-16T13:30:09Z,0
rdbBEZSr5KI,@vanthanh1933,ğŸ˜‚ğŸ˜‚ğŸ˜‚ğŸ˜‚ğŸ˜‚ğŸ˜‚ğŸ˜‚ğŸ˜‚ğŸ˜‚â¤,2025-04-24T16:08:49Z,0
rdbBEZSr5KI,@Lá»™cNguyá»…nHá»¯u-l9z,ğŸ˜°ğŸ˜ˆğŸ˜ˆğŸ˜§,2025-04-24T16:02:25Z,0
rdbBEZSr5KI,@MaiHanTruong,Dead rail háº£ ??â¤â¤ğŸ˜®ğŸ˜®,2025-04-24T15:13:44Z,0
rdbBEZSr5KI,@tranngocan6702,Trung bÃ¬nh nhá»¯ng video bÃ¢y giá»ğŸ˜¢ğŸ˜¢,2025-04-24T14:30:37Z,0
rdbBEZSr5KI,@4bifamily,Lucu sekali,2025-04-24T14:30:16Z,0
rdbBEZSr5KI,@KhangMinh-k7y,á»¦a buá»•i sÃ¡ng cÃ³ ma cÃ  rá»“ng luÃ´n háº£,2025-04-24T14:25:48Z,0
rdbBEZSr5KI,@nguyenxuanlam1941,Amh thanos sÃ©m lÃ m shep sá»£ tÃ¨ dáº§m rğŸ˜¢ğŸ˜ŠğŸ˜Š,2025-04-24T14:14:47Z,0
rdbBEZSr5KI,@Quá»·ffÃc-t5c,Thanos mÃ  tháº­t hÃ iğŸ˜‚ğŸ˜‚ğŸ˜‚ğŸ˜‚ğŸ˜‚ğŸ˜‚ğŸ˜‚ğŸ˜‚ğŸ˜‚ğŸ˜‚ğŸ˜‚ğŸ˜‚ğŸ˜‚ğŸ˜‚ğŸ˜‚ğŸ˜‚ğŸ˜‚ğŸ˜‚ğŸ˜‚ğŸ˜‚ğŸ˜‚ğŸ˜‚ğŸ˜‚ğŸ˜‚ğŸ˜‚ğŸ˜‚ğŸ˜‚ğŸ˜‚ğŸ˜‚ğŸ˜‚ğŸ˜‚ğŸ˜‚ğŸ˜‚ğŸ˜‚ğŸ˜‚ğŸ˜‚ğŸ˜‚ğŸ˜‚ğŸ˜‚ğŸ˜‚ğŸ˜‚ğŸ˜‚ğŸ˜‚ğŸ˜‚ğŸ˜‚ğŸ˜‚ğŸ˜‚ğŸ˜‚ğŸ˜‚ğŸ˜‚ğŸ˜‚ğŸ˜‚ğŸ˜‚ğŸ˜‚ğŸ˜‚ğŸ˜‚ğŸ˜‚ğŸ˜‚ğŸ˜‚ğŸ˜‚,2025-04-24T13:40:28Z,0
rdbBEZSr5KI,@dohoa6377,ğŸ˜‚ğŸ˜‚ğŸ˜‚ğŸ˜‚ğŸ˜‚ğŸ˜‚ğŸ˜‚ğŸ˜‚ğŸ˜‚ğŸ˜‚ğŸ˜‚ğŸ˜‚ğŸ˜ŠğŸ˜ŠğŸ˜ŠğŸ˜ŠğŸ˜ŠğŸ˜ŠğŸ˜Šâ¤â¤â¤â¤â¤â¤â¤â¤â¤â¤â¤ğŸ‰ğŸ‰ğŸ‰ğŸ‰ğŸ‰ğŸ¤£ğŸ¤£ğŸ¤£ğŸ¤£ğŸ¤£ğŸ‘ğŸ‘ğŸ‘ğŸ‘ğŸ‘ğŸ‘,2025-04-24T11:52:03Z,0
rdbBEZSr5KI,@dangbaophong-q6p,Tungtung,2025-04-24T10:53:08Z,0
rdbBEZSr5KI,@Rhinozyeusubs,11N,2025-04-24T10:28:57Z,0
rdbBEZSr5KI,@Anhthanosgaming,Anh xin lá»—i pÃ©ğŸ˜‚ğŸ˜‚ğŸ˜‚ğŸ˜‚:))),2025-04-24T08:41:46Z,6
rdbBEZSr5KI,@ThicamVo-r7t,Nikola tesla,2025-04-24T06:03:30Z,1
rdbBEZSr5KI,@Äáº¡t9PhÃ¡t-r4z,â¤ï¸â¤â¤â¤ğŸ˜‚ğŸ˜‚ğŸ˜‚ğŸ˜‚ğŸ˜‚ğŸ˜‚ğŸ˜‚ğŸ˜‚ğŸ˜‚ğŸ˜®ğŸ˜®ğŸ˜®ğŸ˜¢ğŸ˜¢ğŸ˜¢ğŸ‰ğŸ‰ğŸ‰ğŸ˜…ğŸ˜…ğŸ˜…ğŸ˜…,2025-04-24T04:43:38Z,0
rdbBEZSr5KI,@Taridaya,Ai giáº¿t Ä‘c tung tung tui gá»i báº±ng sÆ° phá»¥,2025-04-24T04:27:14Z,1
rdbBEZSr5KI,@BaHoang-c1i,HahahahahağŸ˜‚ğŸ˜‚ğŸ˜‚ğŸ˜‚ğŸ˜‚ğŸ˜‚ğŸ˜‚ğŸ˜‚ğŸ˜‚ğŸ˜‚ğŸ˜‚ğŸ˜‚ğŸ˜‚ğŸ˜‚ğŸ˜‚ğŸ˜‚ğŸ˜‚ğŸ˜‚,2025-04-24T04:09:00Z,1
rdbBEZSr5KI,@BaHoang-c1i,ğŸ˜‚ğŸ˜‚ğŸ˜‚ğŸ˜‚ğŸ˜‚ğŸ˜‚ğŸ˜‚ğŸ˜‚ğŸ˜‚ğŸ˜‚ğŸ˜‚ğŸ˜‚ğŸ˜‚ğŸ˜‚ğŸ˜‚ğŸ˜‚ğŸ˜‚ğŸ˜‚ğŸ˜‚ğŸ˜‚ğŸ˜‚ğŸ˜‚ğŸ˜‚ğŸ˜‚ğŸ˜‚ğŸ˜‚ğŸ˜‚ğŸ˜‚ğŸ˜‚ğŸ˜‚ğŸ˜‚ğŸ˜‚,2025-04-24T04:08:10Z,0
rdbBEZSr5KI,@Anhthanosgaming,PÃ© á»Ÿ láº¡i vui váº» nhÃ©ğŸ˜‚ğŸ˜‚ğŸ˜‚ğŸ˜‚,2025-04-24T04:02:07Z,6
rdbBEZSr5KI,@Huá»³nhNhÆ°-z2h,1oÃ²oooooooooooooooooooooooooo99999999999999999999999ğŸ˜…ğŸ˜…ğŸ˜…ğŸ˜…ğŸ˜…ğŸ˜…ğŸ˜…ğŸ˜…ğŸ˜‚ğŸ˜‚ğŸ˜‚ğŸ‰ğŸ‰ğŸ‰,2025-04-24T02:23:39Z,0
rdbBEZSr5KI,@LongHoang-ve4qv,Anh sheep Æ¡i anh cÃ³ bÃ¡n mÃ´ hÃ¬nh cá»§a anh trong trÃ² chÆ¡i roblox,2025-04-24T00:26:07Z,0
rdbBEZSr5KI,@NguyenHuy-gs8lj,vÃ´ tri váº­y anh,2025-04-24T00:15:40Z,0
rdbBEZSr5KI,@Chipp_dth,HahahağŸ˜‚ğŸ˜‚ğŸ˜‚ğŸ˜‚ğŸ˜‚ğŸ˜‚,2025-04-24T00:14:56Z,0
rdbBEZSr5KI,@Mun_chan29101,ğŸ˜‚haha chá»‰ cÃ³ tung tung lÃ  lÃ m báº¡n Ä‘Æ°á»£c vá»›i sheep Ä‘Æ°á»£c thÃ´i hahağŸ˜‚ğŸ¤£ğŸ˜‚ğŸ¤£ğŸ˜‚ğŸ¤£ğŸ˜‚ğŸ¤£ğŸ‘ğŸ‘ğŸ‘ğŸ‘ğŸ‘ğŸ‘,2025-04-23T23:28:54Z,9
rdbBEZSr5KI,@Thá»‹ÃnhKimPháº¡m,SÃ³i bá»‘ cÆ¡ báº¯p sÃ¡u muiğŸ˜‚,2025-04-23T23:22:19Z,1
rdbBEZSr5KI,@NgocNguyen-p7h7t,MÃ  tui ko mua Ä‘Æ°á»£c miá»…n phia,2025-04-23T23:17:04Z,0
rdbBEZSr5KI,@NgocNguyen-p7h7t,ÃŠ sÃ­p cÃ³ robux Ã ,2025-04-23T23:16:47Z,0
rdbBEZSr5KI,@HoangminhTran-f3w,Ma cÃ  rá»“ng sao ko cÃ³ Ä‘Ãªm mÃ¡u mÃ  Ä‘Ãªm sÃ³i ko cÃ³ Ä‘Ãª.,2025-04-23T15:42:53Z,0
rdbBEZSr5KI,@CuongManUTD2201,Em chÃºc má»«ng sheep Ä‘áº¡t 1M Ä‘Äƒng kÃ­ğŸ‰ğŸ‰ğŸ‰ğŸ‰ğŸ‰ğŸ‰â¤â¤â¤â¤â¤â¤â¤â¤â¤â¤,2025-04-23T15:26:39Z,2
rdbBEZSr5KI,@hongvo3514,ğŸ˜‚ğŸ˜‚ğŸ˜‚,2025-04-23T15:23:15Z,0
rdbBEZSr5KI,@Thá»‹nhTráº§n-i2p,MÃ£i MÃ£i lÃ  báº¡n bÃ¨ ğŸ˜ŠğŸ˜ŠğŸ˜ŠğŸ˜Š,2025-04-23T14:46:29Z,1
rdbBEZSr5KI,@TrinhThÃ¹y-w4z,ğŸ˜‚ğŸ˜‚,2025-04-23T14:29:53Z,0
rdbBEZSr5KI,@ChanhBinh-g1b,ğŸ˜…,2025-04-23T14:27:28Z,0
rdbBEZSr5KI,@HÆ°hejeHshs,ğŸ˜‚ğŸ˜‚ğŸ˜‚ğŸ˜‚ğŸ˜‚ğŸ˜‚ğŸ˜‚ğŸ˜‚ğŸ˜‚ğŸ˜‚,2025-04-23T14:23:51Z,2
rdbBEZSr5KI,@HÆ°hejeHshs,â¤â¤â¤â¤â¤â¤â¤â¤â¤â¤,2025-04-23T14:23:26Z,3
rdbBEZSr5KI,@QuangAnhVÅ©-b9t,Tung tung tung sahola,2025-04-23T14:23:14Z,1
rdbBEZSr5KI,@oanhau2083,tungtungsahur t bung,2025-04-23T14:21:30Z,0
rdbBEZSr5KI,@Thanosvietnammi,bye pÃ© a trá»‘n Ä‘Ã¢y ğŸ˜‚,2025-04-23T14:16:33Z,2
rdbBEZSr5KI,@luongvinh7934,Cáº£mÆ¡,2025-04-23T14:07:04Z,0
rdbBEZSr5KI,@kimhiáº¿unguyá»…nthá»‹-u4c,Ma cÃ  rá»“ng lÃ  á»Ÿ buá»•i tá»‘i trang Ä‘á» mÃ  táº¡i sao lÃºc buá»•i sÃ¡ng=))),2025-04-23T14:02:37Z,0
rdbBEZSr5KI,@PhÃºcPháº¡mMinh-x9z,Cho em con mÃ´ hÃ¬nh thanos Ä‘i anh,2025-04-23T13:20:29Z,0
rdbBEZSr5KI,@HANNGUYEN-lu4qo,like cho Tung Tung Tung Tung Tung Tung Tung Tung  sahur nghe máº¥y báº¡n ğŸ‘ğŸ‘ğŸ‘ğŸ‘ğŸ‘ğŸ‘ğŸ‘,2025-04-23T13:16:56Z,1
rdbBEZSr5KI,@VungPhan-mv1mz,Tung tung tung tung tung tung tung tung tung tung tung tung tung tung tung sahur,2025-04-23T12:58:22Z,1
rdbBEZSr5KI,@fanonepiece8976,may con  zombie aaaaaaaaaaaaaaaaaaaaaaaaaaaaaaaaaa,2025-04-23T12:44:18Z,0
rdbBEZSr5KI,@QuangHáº¡nhHá»“,ğŸ˜‚ğŸ˜‚ğŸ˜‚ğŸ‰ğŸ˜®ğŸ˜®ğŸ˜‚ğŸ˜‚ğŸ˜…ğŸ˜…,2025-04-23T12:34:08Z,0
rdbBEZSr5KI,@ThiÃªnThiÃªn-i3o,Tung tung sahur: haha máº¥y con sÃ³i nÃ y cÃ³ gÃ¬ Ä‘Ã¢u dá»… á»£t,2025-04-23T12:21:09Z,5
rdbBEZSr5KI,@ThiÃªnThiÃªn-i3o,Máº¥y con zombie: aaaaaaaaaaaa ğŸ˜µğŸ˜µğŸ˜µğŸ˜µğŸ˜µğŸ˜µğŸ˜µğŸ˜µğŸ˜µğŸ˜µğŸ˜µ,2025-04-23T12:20:30Z,9
rdbBEZSr5KI,@HangVuthi-b3r,HahağŸ˜‚ğŸ˜‚ğŸ˜‚ğŸ˜‚ğŸ˜‚ğŸ˜‚ğŸ˜‚ğŸ˜‚,2025-04-23T12:13:27Z,3
rdbBEZSr5KI,@ktvuong3086,Sheep 977777,2025-04-23T11:54:20Z,0
rdbBEZSr5KI,@ChiNguyenPham-zf5gg,MÃ  sÃ³i kiá»ƒu:cÃ¡i j v trğŸ˜°ğŸ˜°ğŸ˜°,2025-04-23T11:53:50Z,2
rdbBEZSr5KI,@XuanNguyen-iw6nn,Buá»“n cÆ°á»iğŸ˜‚ğŸ˜‚ğŸ˜‚ğŸ˜‚ğŸ˜‚ğŸ˜‚,2025-04-23T11:47:50Z,2
rdbBEZSr5KI,@taythuy8080,Dead rail,2025-04-23T11:46:45Z,1
rdbBEZSr5KI,@ThuLuu-ht5rk,Sao LÃ m Ä‘Æ°á»£c cÃ¡i mÃ´ hÃ¬nh Ä‘Ã³ hay váº­y,2025-04-23T11:32:31Z,0
rdbBEZSr5KI,@tamluongthi-fe8np,Facebook Yahoo ğŸ˜‚,2025-04-23T11:30:11Z,0
rdbBEZSr5KI,@PhiXuan-y5p,æ—©ä¸Šå¥½,2025-04-23T11:27:16Z,2
rdbBEZSr5KI,@MySongthi-ez3db,988ğŸ˜Š,2025-04-23T11:26:23Z,0
rdbBEZSr5KI,@NhatQuangTran-vn5jf,haha,2025-04-23T11:24:19Z,5
rdbBEZSr5KI,@songnguyen8049,â¤em tÃ´,2025-04-23T11:17:06Z,7
pqwAU96Y690,@CongNguyen-gq2pc,GÃ¢ugÃ¢uğŸ˜®ğŸ˜®ğŸ˜®ğŸ˜®ğŸ˜®,2025-04-24T15:54:41Z,0
pqwAU96Y690,@HiepLe-e1v,Máº¹ Æ¡i con mÃ¨o kÃªu sao meomeo con mÃ¨o kÃªu sao meomeo ui dá»“ Ã´i Ä‘om Ä‘Ã³m Máº¹ mÃ y ğŸ˜‚ğŸ˜‚ğŸ˜‚ğŸ˜‚ğŸ˜‚ğŸ˜‚ğŸ˜‚ğŸ˜‚ğŸ˜‚ğŸ˜‚ğŸ˜‚ğŸ˜‚ğŸ˜‚ğŸ˜‚ğŸ˜‚,2025-04-24T08:25:43Z,0
pqwAU96Y690,@Hieunguxidb123haha,TÄB,2025-04-23T13:55:06Z,0
pqwAU96Y690,@Thá»‹LáºµngHÃ -z8b,Con mÃ¨o kÃªu pate cá»§a tao Ä‘Ã¢u,2025-04-23T13:16:03Z,0
pqwAU96Y690,@KemLe-d2t,Con mÃ¨o kÃªu Ä‘om Ä‘Ã³m,2025-04-23T13:00:02Z,0
pqwAU96Y690,@iloveyoublackpink6891,ğŸ˜»ğŸ˜»ğŸ˜»ğŸ˜» mÃ¨o,2025-04-23T12:47:18Z,0
pqwAU96Y690,@thanhthuy-r4z,cÆ°á»i Ä‘Ã¢u bá»¥ng luÃ´n Ha ha,2025-04-23T12:28:23Z,0
pqwAU96Y690,@MinhkhanhBui-bz1tu,Anh Ngá»c anh kÃªu meo meo máº·c cÆ°á»i quÃ¡ Ä‘au bá»¥ng luÃ´n máº¹ anh Ä‘Ã³ kÃªu meo ğŸ˜¸ meo Ä‘á»™ng Ä‘Ãºng ğŸ‘  rá»“i anh con cÃ¡i máº·t nháº£m ngÆ°á»i yÃªu anh kÃªu meo meo Ä‘Ãºng rá»“i anh con khÃ´ng muá»‘n anh kia kÃªu meo meo Ä‘á»™ng hai hÆ¡n anh con khÃ´ng muá»‘n,2025-04-23T11:16:31Z,0
pqwAU96Y690,@Báº£oBÃ¹i-x1g,Hihi,2025-04-23T10:01:57Z,0
pqwAU96Y690,@QuangLe-x2b,hahaâ¤,2025-04-23T10:00:48Z,0
pqwAU96Y690,@é»ç´…éŒ¦-v8n,Anh Ä‘á»«ng cÃ³ lÃ m cÃ¡i máº·t ghi láº¡i em tháº¥y ká»³ dá»¯ láº¯m,2025-04-23T07:14:32Z,0
pqwAU96Y690,@NguyÃªnthingoc1987-u8t,Long an kÃ¬a,2025-04-23T05:51:38Z,0
pqwAU96Y690,@phamthuy3265,Ã½ lÃ  con trai t3,2025-04-23T04:29:05Z,0
pqwAU96Y690,@phamthuy3265,con troai mÃ  bÃª Ä‘Ãª quÃ¡ ğŸ˜‚ğŸ˜‚,2025-04-23T04:28:37Z,0
pqwAU96Y690,@Bá»‘nHá»“-y5o,Kkk,2025-04-23T04:27:27Z,0
pqwAU96Y690,@hymadeinvietnam1738,máº¹ lÃ  Ä‘Ã³m háº£,2025-04-22T13:09:28Z,0
pqwAU96Y690,@sukem7845,ğŸ˜‚ğŸ˜‚ğŸ˜‚ğŸ˜‚ğŸ˜‚ğŸ˜‚ğŸ˜‚,2025-04-22T12:55:20Z,0
pqwAU96Y690,@HuyHo-j7d,Ãom Ä‘Ã³m,2025-04-22T12:54:56Z,0
pqwAU96Y690,@ngocdiepngo9532,Ã Ä‘Ã¹,2025-04-22T12:12:16Z,0
pqwAU96Y690,@hoangduy-p2t,tháº¯ng nay qua bá»‹ Ä‘iÃªn,2025-04-22T12:04:51Z,0
pqwAU96Y690,@hoangduy-p2t,Bá»‘ thang Ä‘iÃªn tinh thang Ä‘8,2025-04-22T12:02:44Z,0
pqwAU96Y690,@nguyenphuonglinh5412,hahahahahahahahhahahhahah,2025-04-22T11:40:10Z,0
pqwAU96Y690,@Nabee-wt7dt,ğŸ˜‚ğŸ˜‚ğŸ˜‚,2025-04-22T11:34:09Z,0
pqwAU96Y690,@Tá»‹chNguyá»…n-q6i,Con mÃ¨o kÃªu GÃ¢u GÃ¢uğŸ˜‚,2025-04-22T10:48:08Z,0
pqwAU96Y690,@hienluu3273,ğŸ˜…ğŸ˜‚ğŸ˜‚ğŸ˜‚ğŸ˜‚ğŸ˜‚,2025-04-22T09:56:59Z,0
pqwAU96Y690,@QuangAnhVÅ©-b9t,OkğŸ˜‚ğŸ˜‚ğŸ˜‚ğŸ˜‚ğŸ˜‚ğŸ˜‚ğŸ˜‚ğŸ˜‚ğŸ˜‚ğŸ˜‚ğŸ˜‚ğŸ˜‚ğŸ˜‚ğŸ˜‚ğŸ˜‚ğŸ˜‚ğŸ˜‚ğŸ˜‚ğŸ˜‚ğŸ˜‚ğŸ˜‚ğŸ˜‚ğŸ˜‚ğŸ˜‚ğŸ˜‚tÃ´i quÃ¡ buá»“n cÆ°á»i,2025-04-22T09:45:29Z,0
pqwAU96Y690,@anhBÃ¹i-n6y,ğŸ˜‚ğŸ˜‚ğŸ˜‚ğŸ˜‚ğŸ˜‚ğŸ˜‚ğŸ˜‚ğŸ˜‚ğŸ˜‚ğŸ˜‚ğŸ˜‚ğŸ˜‚ğŸ˜‚ğŸ˜‚ğŸ˜‚ :2. Vui tháº¿ nhÃ ,2025-04-22T07:38:48Z,2
pqwAU96Y690,@ToiTrantran,ğŸ˜®,2025-04-22T05:24:50Z,0
pqwAU96Y690,@NinhLá»‡-n3c,MÃ¨o mÃ©o meo mÃ©o máº½oğŸ˜‚,2025-04-22T05:14:17Z,0
pqwAU96Y690,@bichngocphanthi-uo7cr,ğŸ¤£ğŸ¤£ğŸ¤£ğŸ¤£ğŸ¤£ğŸ¤£ğŸ˜»ğŸ˜»ğŸ˜»ğŸ˜»ğŸ˜ºğŸ˜ºğŸ˜º,2025-04-22T05:13:13Z,0
pqwAU96Y690,@PhongLÃª-d9t,â¤ï¸â¤â¤â¤â¤â¤â¤,2025-04-22T05:06:25Z,0
pqwAU96Y690,@bangnguyenkim-lu4oo,Ãši dá»“i Ã´i Ä‘om Ä‘Ã³m,2025-04-22T03:40:59Z,0
pqwAU96Y690,@lando9620,Buá»“n cÆ°á»i quÃ¡ bá»¥ng cÅ©ng sáº¯p vá»¡ cáº£ bá»¥ng ğŸ˜‚ğŸ˜‚ğŸ˜‚ğŸ˜‚ğŸ˜‚ğŸ˜‚ğŸ˜‚ğŸ˜‚ğŸ˜‚ğŸ˜‚ğŸ˜‚ğŸ˜‚ğŸ˜‚ğŸ˜‚ğŸ˜‚ğŸ˜‚ğŸ˜‚ğŸ˜‚ğŸ˜‚ğŸ˜‚ğŸ˜‚ğŸ˜‚ğŸ˜‚ğŸ˜‚ğŸ˜‚ğŸ˜‚ğŸ˜‚ğŸ˜‚ğŸ˜‚ğŸ˜‚ğŸ˜‚ğŸ˜‚ğŸ˜‚ğŸ˜‚ğŸ˜‚ğŸ˜‚,2025-04-21T15:50:19Z,0
pqwAU96Y690,@XuyenTran-ju1sc,"ká»ˆckie,tdsemmy",2025-04-21T14:43:16Z,0
pqwAU96Y690,@DiepDoan-w2r,"Anh HoÃ ng hÃ´n Æ¡i,con mÃ¨o kÃªu lÃ m sao?=)))",2025-04-21T14:30:50Z,1
pqwAU96Y690,@ÄÃ¬nhTÃ¢mVÅ©-k9x,Meoooooooooo,2025-04-21T14:12:33Z,0
pqwAU96Y690,@tranghuyen2668,"long an kÃªu kiá»ƒu : mÃ© mÃ y , ai dÃ¨ Ä‘Ã¢u lÃ  moew moew láº¡ğŸ˜‚",2025-04-21T14:04:19Z,0
pqwAU96Y690,@HuongDinh-m1t,CÃ¡i thá»© 3 áº¥n láº¡nh vÃ£I Ä‘Ã¡i,2025-04-21T14:00:55Z,1
pqwAU96Y690,@TÃ¢mNguyá»…n-w7l7c,Con mÃ¨o kÃªu sao:meo <br>Y Ä‘om Ä‘Ã³m <br>Con cáº·t,2025-04-21T13:40:22Z,0
pqwAU96Y690,@lephuoccuong6638,ğŸ˜¢ğŸ˜¢ğŸ˜‚,2025-04-21T12:30:18Z,0
pqwAU96Y690,@vienbuivan-ji4jn,MÃ¨o mÃ¨o ğŸ˜‚ğŸ˜‚ğŸ˜‚ğŸ˜‚ğŸ˜‚ğŸ˜‚ğŸ˜‚,2025-04-21T12:27:33Z,0
pqwAU96Y690,@CÃ¡tTráº§n-s5x,Uia,2025-04-21T12:17:02Z,0
pqwAU96Y690,@angnhivo4585,Vá»Œ,2025-04-21T11:57:33Z,0
pqwAU96Y690,@LoonLoon-g5y,ğŸ˜‚ğŸ˜‚ğŸ˜‚ğŸ˜‚ğŸ˜‚ğŸ˜‚ğŸ˜‚ğŸ˜‚ğŸ˜‚ğŸ˜‚ğŸ˜‚ğŸ˜‚ğŸ˜‚ğŸ˜‚ğŸ˜‚ğŸ˜‚ğŸ˜‚ğŸ˜‚ğŸ˜‚ğŸ˜‚ğŸ˜‚ğŸ˜‚ğŸ˜‚ğŸ˜‚ğŸ˜‚ğŸ˜‚ğŸ˜‚ğŸ˜‚ğŸ˜‚ğŸ˜‚,2025-04-21T11:47:45Z,0
pqwAU96Y690,@LoonLoon-g5y,ğŸ˜‚ğŸ˜‚ğŸ˜‚ğŸ˜‚ğŸ˜‚ğŸ˜‚ğŸ˜‚ğŸ˜‚ğŸ˜‚ğŸ˜‚ğŸ˜‚ğŸ˜‚ğŸ˜‚ğŸ˜‚ğŸ˜‚ğŸ˜‚ğŸ˜‚ğŸ˜‚ğŸ˜‚ğŸ˜‚ğŸ˜‚ğŸ˜‚ğŸ˜‚ğŸ˜‚ğŸ˜‚ğŸ˜‚ğŸ˜‚ğŸ˜‚ğŸ˜‚ğŸ˜‚,2025-04-21T11:47:08Z,0
pqwAU96Y690,@vanngothuy19,UIA,2025-04-21T10:56:55Z,0
pqwAU96Y690,@thuytrinh3484,ğŸ‡»ğŸ‡³,2025-04-21T10:23:26Z,0
pqwAU96Y690,@thuyenmai1621,Anh HoÃ ng hÃ´m nay bá»‹ l Ã  anh hoÃ ng,2025-04-21T04:50:36Z,0
pqwAU96Y690,@ÄÃ¬nhPháº¡m-j3o,MÃ¨o mÃ©o meo MÃ¨o meo ğŸ˜‚ğŸ˜‚ğŸ˜‚ğŸ˜‚ğŸ˜‚ğŸ˜‚ğŸ˜‚ğŸ˜‚ğŸ˜‚ğŸ˜‚ğŸ˜‚ğŸ˜‚ğŸ˜‚ğŸ˜‚ğŸ˜‚ğŸ˜‚ğŸ˜‚ğŸ˜‚ğŸ˜‚ğŸ˜‚,2025-04-21T04:11:43Z,0
pqwAU96Y690,@ThanhBui-ft2bb,ğŸ˜‚ğŸ˜‚ğŸ˜‚ğŸ˜‚ğŸ˜‚ğŸ˜‚ğŸ˜‚,2025-04-20T14:57:06Z,0
pqwAU96Y690,@xuanvy4759,VÃ£i,2025-04-20T14:16:17Z,0
pqwAU96Y690,@dinhtrongha7412,ÄÃ¬eueğŸ˜‚,2025-04-20T14:00:15Z,0
pqwAU96Y690,@thanhnguyenvan2107,CÆ°á»i Ä‘au bá»¥ng láº¯m rá»“i ğŸ˜…ğŸ˜…ğŸ˜‚ğŸ˜‚,2025-04-20T13:56:07Z,12
pqwAU96Y690,@BichLe-qd4gh,Con mÃ¨o kÃªu  gÃ¢u gÃ¢u,2025-04-20T13:35:12Z,0
pqwAU96Y690,@Háº£iiYáº¿nn-x5p,Ã½ lÃ  anh HoÃ ng khÃ´ng muá»‘n nÃ³i nháº¹ nhÃ ng nhÆ° váº­y ğŸ˜‚ğŸ˜‚ğŸ˜‚ğŸ˜‚ğŸ˜‚,2025-04-20T13:32:54Z,3
pqwAU96Y690,@VÃ¢nLÃª-e8m,buon cuoi vai,2025-04-20T12:42:31Z,0
pqwAU96Y690,@ChÃ¢nPháº¡mÄ‘Ã¬nh-d1c,ÄÃºng rá»“i Ä‘om Ä‘Ã³n,2025-04-20T12:40:43Z,0
pqwAU96Y690,@Huá»‡Mai-g9k,"meo meo, meo . liÃªn quan gÃ¬ Ä‘áº¿n Ä‘om Ä‘Ã³m",2025-04-20T12:28:04Z,0
pqwAU96Y690,@TrungDinh-i5y,ğŸ˜‚ğŸ˜‚ğŸ˜‚ğŸ˜‚ğŸ˜‚ğŸ˜‚vÃ£i,2025-04-20T12:09:46Z,0
pqwAU96Y690,@nguyennguyenkim1613,VÃ£i â¤â¤â¤â¤â¤ğŸ˜‚ğŸ‰ğŸ˜¢ğŸ˜®ğŸ˜…ğŸ˜Š,2025-04-20T11:55:06Z,0
pqwAU96Y690,@TrangHÃ -o6e,Meo meo ğŸ˜‚ğŸ˜‚ğŸ˜‚,2025-04-20T11:27:36Z,2
pqwAU96Y690,@Háº£iTráº§n-l4p,ğŸ˜‚ğŸ˜‚ğŸ˜‚ğŸ˜‚,2025-04-20T11:26:25Z,0
pqwAU96Y690,@Ngá»cTruÆ¡ngVÄƒn-k2c,Trá»i Æ¡i Äom Ä‘Ã³m kÃ¬ağŸ˜‚ğŸ˜‚ğŸ˜‚ğŸ˜‚ğŸ˜‚ğŸ˜‚ğŸ˜‚ğŸ˜‚ğŸ˜‚ğŸ˜‚,2025-04-20T10:59:14Z,1
pqwAU96Y690,@ctytruyenthonganhvu2605,Con mÃ¨o nÃ³ kÃªu gogo,2025-04-20T10:50:28Z,0
pqwAU96Y690,@ThanhphongHo-gv8dn,Tháº±ng Ä‘iÃªn,2025-04-20T10:33:04Z,0
pqwAU96Y690,@HienThanh-tl7iw,CÃ¡i gÃ¬,2025-04-20T09:59:21Z,0
pqwAU96Y690,@ThiThuTamPhan-xn5ff,Con mÃ¨o kÃªu lÃ  mÃ¨o mÃ©o,2025-04-20T09:31:11Z,0
pqwAU96Y690,@Tuyáº¿tLÃªngá»ctyuáº¿t,Con mÃ¨o kÃªu lÃ m sao mau mau,2025-04-20T08:51:19Z,0
pqwAU96Y690,@NguyenvanUt-s7y,ğŸ˜‚ğŸ˜‚ğŸ˜‚ğŸ˜‚ğŸ˜‚ğŸ˜‚ğŸ˜‚ğŸ˜‚ğŸ˜‚,2025-04-20T08:18:50Z,0
pqwAU96Y690,@vanhung8711,Meo meo Ä‘om Ä‘Ã³m thÃ¬ cháº¡y nhanh ko lÃ  hoÃ ng hÃ´n há»i thÃ¬ Äƒn kÃ­t,2025-04-20T08:07:15Z,0
pqwAU96Y690,@QuangBuivanquang-e5d4z,IN ra,2025-04-20T07:53:56Z,0
pqwAU96Y690,@SÆ¡nPháº¡m-y3b,ThiÃªn LÃ½ Ã ,2025-04-20T07:35:55Z,0
pqwAU96Y690,@hienhiennguyen3645,ÄÃ³m chÃºağŸ˜‚ğŸ˜‚ğŸ˜‚ video hay 10000 Ä‘iá»ƒm,2025-04-20T07:28:15Z,1
pqwAU96Y690,@AnhChristine,1:Äom Ä‘Ã³m<br>2:BÃ¬nh thÆ°á»ng<br>3:TÄB<br>4:Men,2025-04-20T06:45:57Z,0
pqwAU96Y690,@ashida-29,:)),2025-04-20T06:36:18Z,0
pqwAU96Y690,@HuHu-m5y,MeomeoğŸ±ğŸ±ğŸ±ğŸ±ğŸ±ğŸ±ğŸ±ğŸ±ğŸ±ğŸ±ğŸ±ğŸ±ğŸ±ğŸ±ğŸ±ğŸ±ğŸ±ğŸ±ğŸ±ğŸ±ğŸ±ğŸ±ğŸ±ğŸ±ğŸ±ğŸ±ğŸ±ğŸ±ğŸ±ğŸ±ğŸ±ğŸ±ğŸ±ğŸ±ğŸ±ğŸ±ğŸ±ğŸ˜ŠğŸ˜ŠğŸ˜ŠğŸ˜Š,2025-04-20T06:24:42Z,0
pqwAU96Y690,@huyminh3910,uia,2025-04-20T06:06:40Z,0
pqwAU96Y690,@Nháº­tminhNguyá»…n-f6v,UIA,2025-04-20T05:56:37Z,0
pqwAU96Y690,@tatthanhly7385,Buá»“n cÆ°á»i quÃ¡ ha ha ğŸ˜‚ğŸ˜‚ğŸ˜‚,2025-04-20T05:30:17Z,1
pqwAU96Y690,@congHuy-mq4tq,Meo meo Ä‘Ãºng rá»“i mÃ  ngu tháº¿,2025-04-20T05:26:19Z,0
pqwAU96Y690,@linhthuylinh3485,Con mÃ¨o kÃªu gÃ¢u gÃ¢u ğŸ˜‚ğŸ˜‚ğŸ˜‚ğŸ˜‚ğŸ˜‚ nguğŸ˜‚,2025-04-20T05:25:08Z,0
pqwAU96Y690,@gaila2316,U i a,2025-04-20T05:09:31Z,0
pqwAU96Y690,@damcuoidep1245,A Ä‘Ã¹,2025-04-20T04:54:20Z,0
pqwAU96Y690,@LanNguyen-mc1yd,Tráº§n Ä‘á»©c boğŸ˜‚ğŸ˜‚ğŸ˜‚ğŸ˜‚,2025-04-20T04:41:14Z,0
pqwAU96Y690,@danthyvo7034,MÃ¨o kÃªu lÃ  bito,2025-04-20T04:30:49Z,0
pqwAU96Y690,@PhuongHoang-zg1ol,kÃªu uia,2025-04-20T04:20:13Z,0
pqwAU96Y690,@buithutrang765,LÃºc anh báº£o máº¹ anh lÃ  ui Ä‘om Ä‘Ã³m thÃ¬ máº¹ anh kiá»ƒu máº¹ mÃ y,2025-04-20T04:03:59Z,0
pqwAU96Y690,@lamnguyen1813,á»« con mÃ¨o cháº£ kÃªu &quot;meo meo&quot;,2025-04-20T03:35:15Z,0
pqwAU96Y690,@kimtuancuaiuca3499,Buá»“n cÆ°á»i quÃ¡ ğŸ˜‚ğŸ˜‚ğŸ˜‚ğŸ˜‚ğŸ˜‚,2025-04-20T03:24:55Z,0
pqwAU96Y690,@PhÆ°Æ¡ngKim-n9y,ğŸ˜…ğŸ˜…ğŸ˜…ğŸ˜…haha,2025-04-20T02:59:46Z,0
pqwAU96Y690,@tuanhnguyen-dr1bq,MÃ¬nh biáº¿t nÃ³i tiáº¿ng mÃ¨o tháº­t,2025-04-20T02:44:16Z,0
pqwAU96Y690,@HongthamPhan-b8c,Meo keu la bito,2025-04-20T02:22:48Z,0
pqwAU96Y690,@AnhNguyen-eq2xe,Wow â¤â¤â¤hahağŸ˜…,2025-04-20T02:12:46Z,1
pqwAU96Y690,@PhÆ°Æ¡ngVo-j4j,â¤â¤â¤â¤â¤â¤â¤,2025-04-20T01:40:27Z,0
pqwAU96Y690,@VanPhaNguyen-gd7to,Cháº³ng cÃ³ gÃ¬,2025-04-19T23:05:11Z,0
pqwAU96Y690,@DungLe-mo1ok,Ha hağŸ˜‚ğŸ˜‚ğŸ˜‚ğŸ˜‚ğŸ˜‚ğŸ˜‚ğŸ˜‚ğŸ˜…ğŸ˜…ğŸ˜…ğŸ˜…ğŸ˜…ğŸ˜…ğŸ˜…,2025-04-19T14:35:31Z,0
pqwAU96Y690,@HÃ Pháº¡m-s7l2w,ğŸ˜‚ğŸ˜‚ğŸ˜‚ğŸ˜‚ğŸ˜‚ğŸ˜‚ğŸ˜‚ğŸ˜‚ğŸ˜‚ğŸ˜‚ğŸ˜‚ğŸ˜‚ğŸ˜‚ğŸ˜‚ğŸ˜‚ğŸ˜‚ğŸ˜‚ğŸ˜‚ğŸ˜‚ğŸ˜‚ğŸ˜‚ğŸ˜‚ğŸ˜‚ğŸ˜‚ğŸ˜‚ğŸ˜‚ğŸ˜‚ğŸ˜‚ğŸ˜‚ğŸ˜‚ğŸ˜‚ğŸ˜‚ğŸ˜‚ğŸ˜‚ğŸ˜‚ğŸ˜‚ğŸ˜‚ğŸ˜‚ğŸ˜‚ğŸ˜‚ğŸ˜‚ğŸ˜‚ğŸ˜‚ğŸ˜‚ğŸ˜‚ğŸ‰ğŸ‰ğŸ‰ğŸ˜‚ğŸ˜‚,2025-04-19T14:24:10Z,0
pqwAU96Y690,@TrietHo-fg5nq,anh:Máº¹ con mÃ¨o kÃªu sao<br>máº¹:meo meo<br>Anh:con mÃ¨o kÃªu sao cÆ¡<br>máº¹:meo<br>Anh:ui Ä‘om Ä‘Ã³m<br>Máº¹:mes mÃ y,2025-04-19T14:11:02Z,0
pqwAU96Y690,@Camtu728,MÃ¨o kÃªu meo meo meo,2025-04-19T14:07:35Z,0
pqwAU96Y690,@soiduronquang770,con meo ceu u i a,2025-04-19T13:38:48Z,0
VLvBlG49BKA,@tiengaz,Tay lÃªn cao cho DJ Tiáº¿n NgÃ´,2025-04-13T09:47:10Z,9075
VLvBlG49BKA,@anhtu3339,ThÆ°Æ¡ng anhhhhâ¤,2025-04-24T18:57:24Z,0
VLvBlG49BKA,@NgÃ¢nNguyá»…n-m1c6j,"TÃ´i chá»£t tháº¥y tÃ¬nh yÃªu tháº­t ká»³ láº¡, bÃªn trong xen láº«n nhá»¯ng ná»—i Ä‘au. Ngay khi tÃ¬nh yÃªu báº¯t Ä‘áº§u, ná»—i bi thÆ°Æ¡ng Ä‘Ã£ sá»›m á»Ÿ má»™t bÃªn nhÆ° há»• rÃ¬nh má»“i.",2025-04-24T17:12:57Z,0
VLvBlG49BKA,@NgÃ¢nNguyá»…n-m1c6j,CÃ²n cÃ y khÃ´ng ae,2025-04-24T17:11:15Z,0
VLvBlG49BKA,@GiaBaoDuong-op3yw,Baby wÇ’ men de gÇn qÃ­ng hÇo xiÃ ng tiÃ o lÃ³u jÄ«<br>rÃ ng wÇ’ tÅ« rÃ¡n de shÄ“ng kÅng yÃ²u jÃ­ sÃ¹ luÃ² dÃ¬<br>nÇ dÃ i gÄ›i wÇ’ yÄ« chÇng fÄ“ng kuÃ¡ng<br>jiÃ© hÃ²u yÃº shÄ“ng hÇo nÃ¡n hÅ« xÄ«<br>nÃ  tiÄn de tiÄn qÃ¬ nÃ¡n dÃ© fÃ ng qÃ­ng<br>nÇ shuÅ de huÃ  quÃ¨ bÇ wÇ’ kÃ¹n zÃ i yÇ” jÃ¬<br>qÃ­ shÃ­ nÇ bÃ¹ shÃ¬ bÃ¹ Ã i le ba<br>zhÇ shÃ¬ yÇ’u xiÄ“ mÃ³ cÄ mÃ©i chÇ” lÇ<br>zÄ›n me nÇ bÃ¬ kÇ’u bÃ¹ yÇ”<br>shÃ¬ bÃ¹ shÃ¬ wÇ’ zhÃ¨ng hÇo<br>shuÅ zhÅng nÇ de xÄ«n<br>jiÃ¹ chÃ©ng rÃ¨n hÃ¡i shÃ¬ zÃ i yÃ¬ ba<br>jiÃ¹ piÃ n piÃ n wÇ’ yÄ› kÄ› yÇ<br><br>Giá» Ä‘Ã¢y anh cháº³ng cÃ²n muá»‘n viáº¿t thÃªm tÃ¬nh ca<br>Cáº£m xÃºc Ä‘Ã£ quÃ¡ á»© Ä‘á»ng anh cháº³ng thá»ƒ nÃ³i ra<br>Cháº³ng cÃ²n nhÃ²e Ä‘i máº¯t Æ°á»›t<br>Cháº³ng buá»“n nhÆ° lÃºc trÆ°á»›c<br>Thá»i gian trÃ´i qua tháº¥m thoÃ¡t khiáº¿n lÃ¡ thay mÃ u sáº¯c (xÃ³a háº¿t kÃ½ á»©c Ä‘Ã´i ta)<br>Baby buÃ´ng tay anh rá»i xa giá» anh tháº¥y tá»± do<br>HÃ©o Ãºa bao nhiá»u thá»i gian ngÆ°á»›c máº¯t lÃªn nhÃ¬n cung Ä‘Ã n<br>NhÆ° cÆ¡n mÆ°a mÃ¹a Ä‘Ã´ng chá»£t ghÃ© qua<br>Cá»© coi anh gá»™t sáº¡ch rá»“i trÃ´i xa<br>Con tim bÃ¬nh yÃªn váº¥n vÆ°Æ¡ng nÆ¡i em nhiá»u<br>Giá» anh lÃ  cÃ¡nh chim bay chÆ¡i vÆ¡i tÃ¬m nÆ¡i chá»‘n<br>CÅ©ng cháº³ng thá»ƒ vá»™i vÃ ng xÃ³a nhÃ²a Ä‘i<br>Chá» ká»‹ch tÃ n háº¡ mÃ n anh sáº½ Ä‘i<br>Con tim khÃ´ng nghe lá»i lÃ½ trÃ­<br>Biáº¿t trÆ°á»›c Ä‘áº¿n lÃºc lá»¥i tÃ n<br>Máº¯t Ä‘áº§m mi cuá»“ng si<br>Em Ä‘i bÆ°á»›c qua cuá»™c Ä‘á»i<br>ThÃ´i<br>Lá»i em nÃ³i cÃ²n láº¡i nÆ¡i nÃ y..<br><br>Baby wÇ’ men de gÇn qÃ­ng hÇo xiÃ ng tiÃ o lÃ³u jÄ«<br>rÃ ng wÇ’ tÅ« rÃ¡n de shÄ“ng kÅng yÃ²u jÃ­ sÃ¹ luÃ² dÃ¬<br>nÇ dÃ i gÄ›i wÇ’ yÄ« chÇng fÄ“ng kuÃ¡ng<br>jiÃ© hÃ²u yÃº shÄ“ng hÇo nÃ¡n hÅ« xÄ«<br>nÃ  tiÄn de tiÄn qÃ¬ nÃ¡n dÃ© fÃ ng qÃ­ng<br>nÇ shuÅ de huÃ  quÃ¨ bÇ wÇ’ kÃ¹n zÃ i yÇ” jÃ¬<br>qÃ­ shÃ­ nÇ bÃ¹ shÃ¬ bÃ¹ Ã i le ba<br>zhÇ shÃ¬ yÇ’u xiÄ“ mÃ³ cÄ mÃ©i chÇ” lÇ<br>zÄ›n me nÇ bÃ¬ kÇ’u bÃ¹ yÇ”<br>shÃ¬ bÃ¹ shÃ¬ wÇ’ zhÃ¨ng hÇo<br>shuÅ zhÅng nÇ de xÄ«n<br>jiÃ¹ chÃ©ng rÃ¨n hÃ¡i shÃ¬ zÃ i yÃ¬ ba<br>jiÃ¹ piÃ n piÃ n wÇ’ yÄ› kÄ› yÇ,2025-04-24T17:07:54Z,0
VLvBlG49BKA,@GiaHuyHoang-ww2tb,indiee,2025-04-24T16:40:19Z,0
VLvBlG49BKA,@ThanhNguyen-oi9xw,hay dá»,2025-04-24T16:18:25Z,0
VLvBlG49BKA,@DL-dy8mm,NghiÃªm Tá»•ng mÃ£i Ä‘á»‰nh,2025-04-24T15:43:12Z,0
VLvBlG49BKA,@KHu-g1l,nghiem tong dinh qua bai hat chua den 5ptop 1 thinh hanh,2025-04-24T14:46:22Z,0
VLvBlG49BKA,@hieutran-iq7bp,váº­y lÃ  trc chá»‰ lÃ  demo thÃ´i háº£,2025-04-24T14:43:34Z,0
VLvBlG49BKA,@ngonguyen-ff8pi,"<a href=""https://www.youtube.com/watch?v=VLvBlG49BKA&amp;t=29"">0:29</a> â¤",2025-04-24T14:35:43Z,0
VLvBlG49BKA,@truongdang2798,Top 1 luÃ´n,2025-04-24T13:16:49Z,3
VLvBlG49BKA,@casscass8211,NghiÃªm VÅ© HoÃ ng Long gaze goes crazy,2025-04-24T13:13:35Z,1
VLvBlG49BKA,@camtran2123,"<a href=""https://www.youtube.com/watch?v=VLvBlG49BKA&amp;t=29"">0:29</a> bÃ¡nh cuá»‘n quÃ¡",2025-04-24T12:49:20Z,3
VLvBlG49BKA,@tuanphamanh2979,Ä‘m nháº¡c chÃ¡y quÃ¡,2025-04-24T12:45:55Z,0
VLvBlG49BKA,@hieuvu9979,nice,2025-04-24T11:31:39Z,1
VLvBlG49BKA,@TARSwithninetyfivepercent,Top 1 dá»“i,2025-04-24T11:27:24Z,1
VLvBlG49BKA,@huylee2810,Sáº¯p 10tr rá»“i,2025-04-24T11:22:29Z,1
VLvBlG49BKA,@DungHá»“-d5l,ThÃ nh tháº­t thÃ¬ mck lÃ  má»™t trong nhá»¯ng rapper Ä‘á»‰nh nháº¥t tÃ´i biáº¿t cháº¯c chá»‰ sau obi thÃ´i,2025-04-24T11:04:21Z,0
VLvBlG49BKA,@itz_nino,nÃ o lÃªn xu hÆ°á»›ng Ä‘Ã¢yâ¤,2025-04-24T10:37:08Z,0
VLvBlG49BKA,@DÅ©ngTiáº¿n-n6b,Tá»« hoÃ ng tá»­ drill qua Ä‘Ã¢y,2025-04-24T10:01:59Z,0
VLvBlG49BKA,@ngocc3111,+ 1 lyrics cho anh em =)))<br>Giá» Ä‘Ã¢y anh cháº³ng cÃ²n muá»‘n viáº¿t thÃªm tÃ¬nh ca<br>Cáº£m xÃºc Ä‘Ã£ quÃ¡ á»© Ä‘á»ng anh cháº³ng thá»ƒ nÃ³i ra<br>Cháº³ng cÃ²n nhÃ²e Ä‘i máº¯t Æ°á»›t<br>Cháº³ng buá»“n nhÆ° lÃºc trÆ°á»›c<br>Thá»i gian trÃ´i qua tháº¥m thoÃ¡t khiáº¿n lÃ¡ thay mÃ u xoÃ¡ Ä‘i kÃ½ á»©c Ä‘Ã´i ta<br>Baby buÃ´ng tay anh rá»i xa giá» anh tháº¥y tá»± do<br>HÃ©o Ãºa bao nhiÃªu thá»i gian ngÆ°á»›c máº¯t lÃªn nhÃ¬n cung Ä‘Ã n<br>NhÆ° cÆ¡n mÆ°a mÃ¹a Ä‘Ã´ng chá»£t ghÃ© qua<br>Cá»© coi anh gá»™t sáº¡ch rá»“i trÃ´i xa<br>Con tim bÃ¬nh yÃªn váº¥n vÆ°Æ¡ng nÆ¡i em nhiá»u<br>Giá» anh lÃ  cÃ¡nh chim bay chÆ¡i vÆ¡i tÃ¬m nÆ¡i chá»‘n<br>CÅ©ng cháº³ng thá»ƒ vá»™i vÃ ng xÃ³a nhÃ²a Ä‘i<br>Chá» ká»‹ch tÃ n háº¡ mÃ n anh sáº½ Ä‘i<br>Con tim khÃ´ng nghe lá»i lÃ½ trÃ­<br>Biáº¿t trÆ°á»›c Ä‘áº¿n lÃºc lá»¥i tÃ n<br>Máº¯t vÃ  mi cuá»“ng si<br>Em Ä‘i bÆ°á»›c qua cuá»™c Ä‘á»i thÃ´i<br>Lá»i em nÃ³i cÃ²n láº¡i nÆ¡i nÃ y,2025-04-24T09:21:22Z,8
VLvBlG49BKA,@Má»™ngVÄƒnStudio,"Anh áº¥y Ä‘Ã£ quay láº¡i vÃ  tráº£ thÃ¹ báº±ng ... nghá»‡ thuáº­t , nghe cuá»‘n tháº­t sá»± .",2025-04-24T09:02:26Z,0
VLvBlG49BKA,@longxevietvinfast,Nghe nháº¡c anh xong lá»—i tai em nÃ³ nhoÃ©t háº¿t cáº£ nÆ°á»›c rá»“i.,2025-04-24T09:01:20Z,0
VLvBlG49BKA,@noitinhyeulanglach,anh bá»‹ lá»™ chim mÃ  anh,2025-04-24T08:50:06Z,0
VLvBlG49BKA,@DesprezzMonkey,Cho tui xin tÃªn bÃ i nháº¡c gá»‘c Ä‘Æ°á»£c k,2025-04-24T08:46:59Z,0
VLvBlG49BKA,@nemchua204,Ã´ng nÃ y láº¥y lyrics cá»§a bÃ  pháº¡m lá»‹ch Ã  :)),2025-04-24T07:42:50Z,1
VLvBlG49BKA,@UyenHuongHoang,I can t stop smiling watching this,2025-04-24T06:02:17Z,0
VLvBlG49BKA,@NamNguyen-qz5ni,BÃ¡nh cuá»‘n,2025-04-24T05:49:59Z,1
VLvBlG49BKA,@KonPov-m4w,I learned more in 10 minutes than hours of Googling,2025-04-24T05:31:53Z,1
VLvBlG49BKA,@supvungtau9976,lÃ  Ä‘áº·c sáº¯c á»Ÿ Ä‘Ã¢u váº¡y? lá»• tai cÃ¢y nghe Ãº á»› k quen ğŸ˜…,2025-04-24T05:28:57Z,0
VLvBlG49BKA,@datbui7062,"LÃ m chÆ¡i chÆ¡i nhÆ°ng giá» nÃ y váº«n Ä‘ang top 1 thá»‹nh hÃ nh. CÃ¡i Ä‘km Ä‘Æ°á»£c Ä‘áº¥y Long Æ¡i, anh fan mÃ y",2025-04-24T05:06:57Z,2
VLvBlG49BKA,@Thankkhang_calisthenic,8 cá»§ viu rá»“i,2025-04-24T04:56:32Z,1
VLvBlG49BKA,@N.guyenthuong,Má»—i ngÃ y 1tr view ğŸ˜®,2025-04-24T04:55:33Z,0
VLvBlG49BKA,@lananhnguyen1555,hay Ä‘iÃªn,2025-04-24T04:38:30Z,1
VLvBlG49BKA,@tuzph4m,quas tuyeetj voi laau lawsm rooif en moiws nghe dduocj tacs phaanr ==mr ngheej thuaatj nhu thees nayf,2025-04-24T03:16:31Z,0
VLvBlG49BKA,@LiamSchofield-c3h,Algorithm finally did something right,2025-04-24T02:11:32Z,1
VLvBlG49BKA,@KugrcnWxhvtfn,This deserves way more views. Absolutely underrated,2025-04-24T02:01:53Z,3
VLvBlG49BKA,@tienoquang5524,Ä‘oáº¡n nháº¡c trung Ä‘áº§u lÃ  bÃ i j váº­y mn,2025-04-24T02:00:21Z,0
VLvBlG49BKA,@NguyenKhacHai-BDCPT,from chuppy with love,2025-04-24T02:00:04Z,1
VLvBlG49BKA,@luongtam829,Leen 10m,2025-04-24T01:12:28Z,0
VLvBlG49BKA,@BandicootsShauna,The way you explained this is SO clear. Thank you,2025-04-24T00:48:52Z,0
VLvBlG49BKA,@WalterRobinson-y9b,This deserves way more views. Absolutely underrated,2025-04-23T23:57:32Z,0
VLvBlG49BKA,@SamikSaidov,The way you explained this is SO clear. Thank you,2025-04-23T23:51:45Z,0
VLvBlG49BKA,@JOBEDAAKTER-x1v,Your consistency is inspiringâ€”keep going,2025-04-23T23:40:50Z,0
VLvBlG49BKA,@AminaIsah-h4g,The editing is top-tier. Seriously impressive,2025-04-23T22:19:34Z,0
VLvBlG49BKA,@hamidrezasadeghi-w7s,Mood instantly lifted. Thank you for this,2025-04-23T22:01:23Z,0
VLvBlG49BKA,@ThakurMk-zw2ie,I didn t expect to love this as much as I do,2025-04-23T21:45:33Z,0
VLvBlG49BKA,@impearnya,hÃ´m nÃ o cÅ©ng nghe <br>=))),2025-04-23T21:33:25Z,1
VLvBlG49BKA,@PauletteLarson,The way you explained this is SO clear. Thank you,2025-04-23T21:14:00Z,0
VLvBlG49BKA,@àº™àº²àº‡àº™à»‰à»àº²àºàº»àº™à»„àºŠàºàº°àº§àº»àº‡àºªàº²,I learned more in 10 minutes than hours of Googling,2025-04-23T20:57:29Z,0
VLvBlG49BKA,@jskxvksvsia,I can t stop smiling watching this,2025-04-23T19:56:54Z,0
VLvBlG49BKA,@SalamaBibi-j1g,"Your videos are always so helpful, thank you!",2025-04-23T19:20:11Z,0
VLvBlG49BKA,@anh3847,hay vai -))),2025-04-23T19:18:11Z,0
VLvBlG49BKA,@QYoung-r9i,Spotify khoÃ¡ máº¥t tiÃªu rá»“iâ€¦,2025-04-23T19:04:35Z,0
VLvBlG49BKA,@nhatnamle39,ğŸ‰ğŸ‰ğŸ‰ğŸ‰ğŸ‰,2025-04-23T18:43:53Z,0
VLvBlG49BKA,@EssingerDniren,Really appreciate the insights in this video.,2025-04-23T18:34:18Z,0
VLvBlG49BKA,@Umeeyuri,VÃ£i 42phÃºt em check láº¡i tÄƒng 15k,2025-04-23T18:13:42Z,0
VLvBlG49BKA,@vankhanh2862,10M lun Ä‘i anh oiiii,2025-04-23T17:33:34Z,0
VLvBlG49BKA,@Umeeyuri,"10 ngÃ y 7,9tr lÆ°á»£t xem ná»ƒ mÃ¬nh anh",2025-04-23T17:30:44Z,0
VLvBlG49BKA,@MinhCa-cp3oi,"VÃ£i l bro, cháº¥t váº­y",2025-04-23T17:00:35Z,0
VLvBlG49BKA,@maychembotuc2008,NÃ©t,2025-04-23T16:35:25Z,1
VLvBlG49BKA,@Matketnoi07,Hay,2025-04-23T15:21:50Z,0
VLvBlG49BKA,@uyenuyenuyen3,Ä‘Ãºng máº¹ nÃ³ nhÃ  vua r,2025-04-23T14:45:53Z,0
VLvBlG49BKA,@NhiVu-x5p,ra nháº¡c Ä‘i anhğŸ˜‚â¤,2025-04-23T14:43:33Z,0
VLvBlG49BKA,@jenniequynh7296,"tháº¯c máº¯c sao cá»© cÃ³ Ã¢m &quot;ting&quot; nhá»‰, ko cÃ³ Ã¢m Ä‘Ã³ sáº½ hay hÆ¡n nhiá»u",2025-04-23T13:48:26Z,1
VLvBlG49BKA,@levanh4329,Up spotify Ä‘i ağŸ¥¹ğŸ™ğŸ»,2025-04-23T13:31:26Z,1
VLvBlG49BKA,@xuanat1709,"<a href=""https://www.youtube.com/watch?v=VLvBlG49BKA&amp;t=40"">0:40</a>",2025-04-23T13:24:19Z,0
VLvBlG49BKA,@ngvuuu,"<a href=""https://www.youtube.com/watch?v=VLvBlG49BKA&amp;t=34"">0:34</a>",2025-04-23T13:17:04Z,0
VLvBlG49BKA,@congnghiatruong7595,Láº¥c cáº¥c,2025-04-23T12:52:07Z,0
VLvBlG49BKA,@congnghiatruong7595,ÄÃ©o hiá»ƒu hay chá»• nÃ o,2025-04-23T12:51:36Z,0
VLvBlG49BKA,@nguyenphuoc8977,Ae nghe bÃ i nÃ y cÃ³ bá»‹ rÃ¨ k ta,2025-04-23T12:41:41Z,0
VLvBlG49BKA,@Tulieuquygia9k,hÃ¡t nhÆ° con cáº·.,2025-04-23T12:02:44Z,0
VLvBlG49BKA,@thuhuyentran2814,Aaaa top 1 mÃ£i Ä‘ii,2025-04-23T11:41:09Z,2
VLvBlG49BKA,@keychanel7722,"NhÃ£m, cÃ³ hay ho gÃ¬ Ä‘Ã¢u máº¥y Ã´ng cá»‘, obito Ä‘á»‰nh hÆ¡n nhiá»u",2025-04-23T11:07:48Z,0
VLvBlG49BKA,@anchu6948,Nghiá»‡n bÃ i nÃ y tháº­t sá»±,2025-04-23T10:48:50Z,0
VLvBlG49BKA,@Quwans_vn_nnt_fanthay,Äem lÃªn Spotify Ä‘i áº¡ NghiÃªm Tá»•ng,2025-04-23T10:39:24Z,0
VLvBlG49BKA,@Lá»™cLÃª-e3c,anh oi lamm nhac hay qua ra nhac nua di ck oii,2025-04-23T09:26:38Z,0
VLvBlG49BKA,@KhÃ¡nhHoÃ ng-x3q,Bá»Š nghiá»‡n luÃ´n r a oii,2025-04-23T09:15:04Z,0
VLvBlG49BKA,@viettuanbuintp,"9,2/10. Hay. Drill + Melody. Táº¡o xu hÆ°á»›ng",2025-04-23T08:46:32Z,0
VLvBlG49BKA,@dothanhtung8982,Ai sá»£ thÃ¬ Ä‘i vá»,2025-04-23T08:19:30Z,0
VLvBlG49BKA,@anhduc8402,rapper thuáº§n dá»‹ch,2025-04-23T07:50:37Z,1
VLvBlG49BKA,@NamPhung-i1e,Äá»‰nh,2025-04-23T07:10:05Z,0
VLvBlG49BKA,@huynhbaoduy1234,hay thÃ¬ thoii nhÃ©ğŸ˜ğŸ˜ğŸ˜ğŸ˜ğŸ˜,2025-04-23T06:24:24Z,0
VLvBlG49BKA,@SoundwaveMIX,"NÃ y Nger Tá»•ng chá»©... TÃ´i ná»ƒ má»—i anh nÃ y thÃ´i, chá»© máº¥y tháº±ng Tá»•ng khÃ¡c thÃ¬ nÃ³ Ä‘á»u báº±ng 0 háº¿t!",2025-04-23T06:22:34Z,1
VLvBlG49BKA,@VuongVu66.93,QuÃ¡ hay â¤,2025-04-23T05:46:42Z,0
VLvBlG49BKA,@rinmediamuzik,tuyá»‡t vá»i,2025-04-23T05:10:26Z,0
VLvBlG49BKA,@PhuongTran-th2vf,Cáº£m Æ¡n mck obito cho tÃ´i biáº¿t Ã¢m nháº¡c lÃ  ntn chá»© nghe quáº£ nc máº¯t cÃ¡ sáº¥u muá»‘n táº¯t Ä‘i vl áº¡ cáº£m Æ¡n nghiÃªm tá»•ng ğŸ¤œğŸ¤›ğŸ™,2025-04-23T04:53:45Z,1
VLvBlG49BKA,@zydray2010,hiáº¿u thá»© 2 muá»‘n leo lÃªn láº¡i top 1 trending láº¡i pháº£i vÆ°á»£t qua 2 cÃ¡i thÃ¡p cá»§a cáº·p phong long nÃ y Ä‘Ã£,2025-04-23T04:34:16Z,2
VLvBlG49BKA,@user-vm1gx7um5z,1,2025-04-23T04:01:17Z,0
VLvBlG49BKA,@quysbuii,Cum back thÃ´i a longer,2025-04-23T03:31:02Z,0
VLvBlG49BKA,@no1hanoideptrai,ra mv nhanhhh anh oi mÃ³n trÃ¡ng miá»‡ng Ä‘á»§ roi,2025-04-23T03:05:07Z,0
VLvBlG49BKA,@binhdo5395,Anh Æ¡i dÃ i thÃªm chÃºt dc ko chá»© ngáº¯n quÃ¡ nghe Ä‘ang phÃª mÃ  háº¿t,2025-04-23T02:29:05Z,0
VLvBlG49BKA,@hieupham9683,NÃ³ gá»i lÃ  Ä‘áº³ng cáº¥p,2025-04-23T00:35:03Z,0
VLvBlG49BKA,@akonftviet,"Nháº¡c tÃ u , lá»i thÃ¬ Äƒn cáº¯p Pháº¡m Lá»‹ch , quÃ¡ tÃ i nÄƒng",2025-04-23T00:23:55Z,0
VLvBlG49BKA,@Novice2121,Nháº¡c Ä‘ang hay thÃ¬ cÃ³ tháº±ng rap :)),2025-04-23T00:23:19Z,0
VLvBlG49BKA,@HÃ ocheese,"sao nhiá»u ngÆ°á»i báº£o Ä‘oáº¡n mck cÃ³ Ä‘Ãºng 30s váº­y, tÃ´i tháº¥y 40s mÃ ",2025-04-22T23:54:08Z,0
VLvBlG49BKA,@no1hanoideptrai,777k sub sá»‘ quá»·,2025-04-22T21:43:37Z,0
VLvBlG49BKA,@no1hanoideptrai,lÃªn view cho nghiÃªm tá»•ng giá»¯ top 1,2025-04-22T21:43:26Z,1
VLvBlG49BKA,@TomBrandon-j2r,Great video! Really enjoyed it.,2025-04-22T20:46:11Z,0
